variant,frequency
Declaration SUBMITTED by EMPLOYEE -> Declaration APPROVED by ADMINISTRATION -> Declaration FINAL_APPROVED by SUPERVISOR -> Request Payment -> Payment Handled,4618
Declaration SUBMITTED by EMPLOYEE -> Declaration APPROVED by ADMINISTRATION -> Declaration APPROVED by BUDGET OWNER -> Declaration FINAL_APPROVED by SUPERVISOR -> Request Payment -> Payment Handled,2473
Declaration SUBMITTED by EMPLOYEE -> Declaration FINAL_APPROVED by SUPERVISOR -> Request Payment -> Payment Handled,1392
Declaration SUBMITTED by EMPLOYEE -> Declaration APPROVED by PRE_APPROVER -> Declaration FINAL_APPROVED by SUPERVISOR -> Request Payment -> Payment Handled,575
Declaration SUBMITTED by EMPLOYEE -> Declaration REJECTED by ADMINISTRATION -> Declaration REJECTED by EMPLOYEE -> Declaration SUBMITTED by EMPLOYEE -> Declaration APPROVED by ADMINISTRATION -> Declaration FINAL_APPROVED by SUPERVISOR -> Request Payment -> Payment Handled,345
Declaration SUBMITTED by EMPLOYEE -> Declaration REJECTED by ADMINISTRATION -> Declaration REJECTED by EMPLOYEE -> Declaration SUBMITTED by EMPLOYEE -> Declaration APPROVED by ADMINISTRATION -> Declaration APPROVED by BUDGET OWNER -> Declaration FINAL_APPROVED by SUPERVISOR -> Request Payment -> Payment Handled,188
Declaration SUBMITTED by EMPLOYEE -> Declaration REJECTED by ADMINISTRATION -> Declaration REJECTED by EMPLOYEE,174
Declaration SAVED by EMPLOYEE,134
Declaration SUBMITTED by EMPLOYEE -> Declaration APPROVED by ADMINISTRATION -> Declaration REJECTED by SUPERVISOR -> Declaration REJECTED by EMPLOYEE -> Declaration SUBMITTED by EMPLOYEE -> Declaration APPROVED by ADMINISTRATION -> Declaration FINAL_APPROVED by SUPERVISOR -> Request Payment -> Payment Handled,77
Declaration SUBMITTED by EMPLOYEE -> Declaration REJECTED by PRE_APPROVER -> Declaration REJECTED by EMPLOYEE -> Declaration SUBMITTED by EMPLOYEE -> Declaration APPROVED by PRE_APPROVER -> Declaration FINAL_APPROVED by SUPERVISOR -> Request Payment -> Payment Handled,57
Declaration SUBMITTED by EMPLOYEE -> Declaration APPROVED by ADMINISTRATION -> Declaration REJECTED by SUPERVISOR -> Declaration REJECTED by EMPLOYEE -> Declaration SUBMITTED by EMPLOYEE -> Declaration APPROVED by ADMINISTRATION -> Declaration APPROVED by BUDGET OWNER -> Declaration FINAL_APPROVED by SUPERVISOR -> Request Payment -> Payment Handled,49
Declaration SUBMITTED by EMPLOYEE -> Declaration FINAL_APPROVED by SUPERVISOR -> Declaration REJECTED by MISSING -> Declaration SUBMITTED by EMPLOYEE -> Declaration FINAL_APPROVED by SUPERVISOR -> Request Payment -> Payment Handled,40
Declaration SUBMITTED by EMPLOYEE -> Declaration REJECTED by ADMINISTRATION -> Declaration REJECTED by EMPLOYEE -> Declaration SUBMITTED by EMPLOYEE -> Declaration REJECTED by ADMINISTRATION -> Declaration REJECTED by EMPLOYEE -> Declaration SUBMITTED by EMPLOYEE -> Declaration APPROVED by ADMINISTRATION -> Declaration FINAL_APPROVED by SUPERVISOR -> Request Payment -> Payment Handled,36
Declaration SUBMITTED by EMPLOYEE -> Declaration APPROVED by ADMINISTRATION -> Declaration REJECTED by SUPERVISOR -> Declaration REJECTED by EMPLOYEE,31
Declaration SUBMITTED by EMPLOYEE -> Declaration REJECTED by ADMINISTRATION -> Declaration REJECTED by EMPLOYEE -> Declaration SUBMITTED by EMPLOYEE -> Declaration REJECTED by ADMINISTRATION -> Declaration REJECTED by EMPLOYEE -> Declaration SUBMITTED by EMPLOYEE -> Declaration APPROVED by ADMINISTRATION -> Declaration APPROVED by BUDGET OWNER -> Declaration FINAL_APPROVED by SUPERVISOR -> Request Payment -> Payment Handled,29
Declaration SUBMITTED by EMPLOYEE -> Declaration REJECTED by SUPERVISOR -> Declaration REJECTED by EMPLOYEE -> Declaration SUBMITTED by EMPLOYEE -> Declaration FINAL_APPROVED by SUPERVISOR -> Request Payment -> Payment Handled,22
Declaration SUBMITTED by EMPLOYEE -> Declaration FINAL_APPROVED by SUPERVISOR -> Declaration REJECTED by MISSING,21
Declaration SUBMITTED by EMPLOYEE -> Declaration APPROVED by ADMINISTRATION -> Declaration REJECTED by BUDGET OWNER -> Declaration REJECTED by EMPLOYEE -> Declaration SUBMITTED by EMPLOYEE -> Declaration APPROVED by ADMINISTRATION -> Declaration APPROVED by BUDGET OWNER -> Declaration FINAL_APPROVED by SUPERVISOR -> Request Payment -> Payment Handled,20
Declaration SUBMITTED by EMPLOYEE -> Declaration REJECTED by SUPERVISOR -> Declaration REJECTED by EMPLOYEE,18
Declaration SUBMITTED by EMPLOYEE -> Declaration APPROVED by ADMINISTRATION -> Declaration REJECTED by BUDGET OWNER -> Declaration REJECTED by EMPLOYEE -> Declaration SUBMITTED by EMPLOYEE -> Declaration APPROVED by ADMINISTRATION -> Declaration FINAL_APPROVED by SUPERVISOR -> Request Payment -> Payment Handled,14
Declaration SUBMITTED by EMPLOYEE -> Declaration REJECTED by ADMINISTRATION -> Declaration REJECTED by EMPLOYEE -> Declaration SUBMITTED by EMPLOYEE -> Declaration REJECTED by ADMINISTRATION -> Declaration REJECTED by EMPLOYEE,11
Declaration SUBMITTED by EMPLOYEE -> Declaration APPROVED by ADMINISTRATION -> Declaration APPROVED by BUDGET OWNER -> Declaration REJECTED by SUPERVISOR -> Declaration REJECTED by EMPLOYEE -> Declaration SUBMITTED by EMPLOYEE -> Declaration APPROVED by ADMINISTRATION -> Declaration APPROVED by BUDGET OWNER -> Declaration FINAL_APPROVED by SUPERVISOR -> Request Payment -> Payment Handled,10
Declaration SUBMITTED by EMPLOYEE -> Declaration APPROVED by PRE_APPROVER -> Declaration REJECTED by SUPERVISOR -> Declaration REJECTED by EMPLOYEE -> Declaration SUBMITTED by EMPLOYEE -> Declaration APPROVED by PRE_APPROVER -> Declaration FINAL_APPROVED by SUPERVISOR -> Request Payment -> Payment Handled,8
Declaration SUBMITTED by EMPLOYEE -> Declaration REJECTED by PRE_APPROVER -> Declaration REJECTED by EMPLOYEE,8
Declaration SUBMITTED by EMPLOYEE -> Declaration APPROVED by ADMINISTRATION -> Declaration REJECTED by BUDGET OWNER -> Declaration REJECTED by EMPLOYEE,8
Declaration SUBMITTED by EMPLOYEE -> Declaration APPROVED by PRE_APPROVER -> Declaration FINAL_APPROVED by SUPERVISOR -> Declaration REJECTED by MISSING -> Declaration SUBMITTED by EMPLOYEE -> Declaration APPROVED by PRE_APPROVER -> Declaration FINAL_APPROVED by SUPERVISOR -> Request Payment -> Payment Handled,7
Declaration SUBMITTED by EMPLOYEE -> Declaration REJECTED by ADMINISTRATION -> Declaration REJECTED by EMPLOYEE -> Declaration SUBMITTED by EMPLOYEE -> Declaration APPROVED by ADMINISTRATION -> Declaration REJECTED by SUPERVISOR -> Declaration REJECTED by EMPLOYEE -> Declaration SUBMITTED by EMPLOYEE -> Declaration APPROVED by ADMINISTRATION -> Declaration FINAL_APPROVED by SUPERVISOR -> Request Payment -> Payment Handled,6
Declaration SUBMITTED by EMPLOYEE -> Declaration APPROVED by ADMINISTRATION -> Declaration APPROVED by BUDGET OWNER -> Declaration REJECTED by SUPERVISOR -> Declaration REJECTED by EMPLOYEE -> Declaration SUBMITTED by EMPLOYEE -> Declaration APPROVED by ADMINISTRATION -> Declaration FINAL_APPROVED by SUPERVISOR -> Request Payment -> Payment Handled,6
Declaration SUBMITTED by EMPLOYEE -> Declaration REJECTED by SUPERVISOR -> Declaration REJECTED by EMPLOYEE -> Declaration SUBMITTED by EMPLOYEE -> Declaration REJECTED by SUPERVISOR -> Declaration REJECTED by EMPLOYEE,6
Declaration SUBMITTED by EMPLOYEE -> Declaration REJECTED by PRE_APPROVER -> Declaration REJECTED by EMPLOYEE -> Declaration SUBMITTED by EMPLOYEE -> Declaration REJECTED by PRE_APPROVER -> Declaration REJECTED by EMPLOYEE -> Declaration SUBMITTED by EMPLOYEE -> Declaration APPROVED by PRE_APPROVER -> Declaration FINAL_APPROVED by SUPERVISOR -> Request Payment -> Payment Handled,5
Declaration SUBMITTED by EMPLOYEE -> Declaration REJECTED by ADMINISTRATION,5
Declaration SUBMITTED by EMPLOYEE -> Declaration REJECTED by ADMINISTRATION -> Declaration REJECTED by EMPLOYEE -> Declaration SUBMITTED by EMPLOYEE -> Declaration APPROVED by ADMINISTRATION -> Declaration REJECTED by BUDGET OWNER -> Declaration REJECTED by EMPLOYEE,4
Declaration SUBMITTED by EMPLOYEE -> Declaration APPROVED by ADMINISTRATION -> Declaration FINAL_APPROVED by SUPERVISOR -> Payment Handled,4
Declaration SUBMITTED by EMPLOYEE -> Declaration REJECTED by PRE_APPROVER -> Declaration REJECTED by EMPLOYEE -> Declaration SUBMITTED by EMPLOYEE -> Declaration FINAL_APPROVED by SUPERVISOR -> Request Payment -> Payment Handled,4
Declaration SUBMITTED by EMPLOYEE -> Declaration REJECTED by ADMINISTRATION -> Declaration REJECTED by EMPLOYEE -> Declaration SUBMITTED by EMPLOYEE -> Declaration REJECTED by ADMINISTRATION -> Declaration REJECTED by EMPLOYEE -> Declaration SUBMITTED by EMPLOYEE -> Declaration REJECTED by ADMINISTRATION -> Declaration REJECTED by EMPLOYEE -> Declaration SUBMITTED by EMPLOYEE -> Declaration APPROVED by ADMINISTRATION -> Declaration FINAL_APPROVED by SUPERVISOR -> Request Payment -> Payment Handled,4
Declaration SUBMITTED by EMPLOYEE -> Declaration REJECTED by ADMINISTRATION -> Declaration REJECTED by EMPLOYEE -> Declaration SUBMITTED by EMPLOYEE -> Declaration APPROVED by ADMINISTRATION -> Declaration REJECTED by BUDGET OWNER -> Declaration REJECTED by EMPLOYEE -> Declaration SUBMITTED by EMPLOYEE -> Declaration APPROVED by ADMINISTRATION -> Declaration APPROVED by BUDGET OWNER -> Declaration FINAL_APPROVED by SUPERVISOR -> Request Payment -> Payment Handled,4
Declaration SUBMITTED by EMPLOYEE -> Declaration REJECTED by ADMINISTRATION -> Declaration SUBMITTED by EMPLOYEE -> Declaration REJECTED by ADMINISTRATION -> Declaration REJECTED by EMPLOYEE -> Declaration SUBMITTED by EMPLOYEE -> Declaration APPROVED by ADMINISTRATION -> Declaration FINAL_APPROVED by SUPERVISOR -> Request Payment -> Payment Handled,3
Declaration SUBMITTED by EMPLOYEE -> Declaration APPROVED by PRE_APPROVER -> Declaration REJECTED by SUPERVISOR -> Declaration REJECTED by EMPLOYEE,3
Declaration SUBMITTED by EMPLOYEE -> Declaration FINAL_APPROVED by SUPERVISOR -> Request Payment -> Declaration REJECTED by MISSING,3
Declaration SUBMITTED by EMPLOYEE -> Declaration APPROVED by ADMINISTRATION -> Declaration APPROVED by BUDGET OWNER -> Declaration REJECTED by SUPERVISOR -> Declaration REJECTED by EMPLOYEE,3
Declaration SUBMITTED by EMPLOYEE -> Declaration REJECTED by ADMINISTRATION -> Declaration REJECTED by EMPLOYEE -> Declaration SUBMITTED by EMPLOYEE -> Declaration APPROVED by ADMINISTRATION -> Declaration REJECTED by SUPERVISOR -> Declaration REJECTED by EMPLOYEE -> Declaration SUBMITTED by EMPLOYEE -> Declaration APPROVED by ADMINISTRATION -> Declaration APPROVED by BUDGET OWNER -> Declaration FINAL_APPROVED by SUPERVISOR -> Request Payment -> Payment Handled,3
Declaration SUBMITTED by EMPLOYEE -> Declaration APPROVED by ADMINISTRATION -> Declaration REJECTED by SUPERVISOR -> Declaration REJECTED by EMPLOYEE -> Declaration SUBMITTED by EMPLOYEE -> Declaration REJECTED by ADMINISTRATION -> Declaration REJECTED by EMPLOYEE,3
Declaration SUBMITTED by EMPLOYEE -> Declaration APPROVED by ADMINISTRATION -> Declaration APPROVED by BUDGET OWNER -> Declaration REJECTED by SUPERVISOR -> Declaration REJECTED by EMPLOYEE -> Declaration SUBMITTED by EMPLOYEE -> Declaration REJECTED by ADMINISTRATION -> Declaration REJECTED by EMPLOYEE,3
Declaration SUBMITTED by EMPLOYEE -> Declaration REJECTED by PRE_APPROVER -> Declaration REJECTED by EMPLOYEE -> Declaration SUBMITTED by EMPLOYEE -> Declaration APPROVED by PRE_APPROVER -> Declaration FINAL_APPROVED by SUPERVISOR -> Declaration REJECTED by MISSING -> Declaration SUBMITTED by EMPLOYEE -> Declaration APPROVED by PRE_APPROVER -> Declaration FINAL_APPROVED by SUPERVISOR -> Request Payment -> Payment Handled,2
Declaration SUBMITTED by EMPLOYEE -> Declaration REJECTED by SUPERVISOR -> Declaration REJECTED by EMPLOYEE -> Declaration SUBMITTED by EMPLOYEE -> Declaration APPROVED by PRE_APPROVER -> Declaration FINAL_APPROVED by SUPERVISOR -> Request Payment -> Payment Handled,2
Declaration SUBMITTED by EMPLOYEE -> Declaration APPROVED by ADMINISTRATION -> Declaration REJECTED by SUPERVISOR,2
Declaration SUBMITTED by EMPLOYEE -> Declaration APPROVED by ADMINISTRATION -> Declaration APPROVED by BUDGET OWNER -> Declaration FINAL_APPROVED by SUPERVISOR -> Payment Handled,2
Declaration SUBMITTED by EMPLOYEE -> Declaration APPROVED by PRE_APPROVER -> Declaration FINAL_APPROVED by SUPERVISOR -> Declaration REJECTED by MISSING,2
Declaration SUBMITTED by EMPLOYEE -> Declaration REJECTED by ADMINISTRATION -> Declaration SUBMITTED by EMPLOYEE -> Declaration REJECTED by ADMINISTRATION -> Declaration REJECTED by EMPLOYEE,2
Declaration SUBMITTED by EMPLOYEE -> Declaration APPROVED by ADMINISTRATION -> Declaration APPROVED by BUDGET OWNER -> Declaration REJECTED by SUPERVISOR -> Declaration REJECTED by EMPLOYEE -> Declaration SUBMITTED by EMPLOYEE -> Declaration REJECTED by ADMINISTRATION -> Declaration REJECTED by EMPLOYEE -> Declaration SUBMITTED by EMPLOYEE -> Declaration APPROVED by ADMINISTRATION -> Declaration FINAL_APPROVED by SUPERVISOR -> Request Payment -> Payment Handled,2
Declaration SUBMITTED by EMPLOYEE -> Declaration REJECTED by ADMINISTRATION -> Declaration SUBMITTED by EMPLOYEE -> Declaration REJECTED by EMPLOYEE -> Declaration SUBMITTED by EMPLOYEE -> Declaration APPROVED by ADMINISTRATION -> Declaration FINAL_APPROVED by SUPERVISOR -> Request Payment -> Payment Handled,2
Declaration SUBMITTED by EMPLOYEE -> Declaration APPROVED by ADMINISTRATION -> Declaration REJECTED by SUPERVISOR -> Declaration REJECTED by EMPLOYEE -> Declaration SUBMITTED by EMPLOYEE -> Declaration APPROVED by ADMINISTRATION -> Declaration REJECTED by SUPERVISOR -> Declaration REJECTED by EMPLOYEE -> Declaration SUBMITTED by EMPLOYEE -> Declaration APPROVED by ADMINISTRATION -> Declaration FINAL_APPROVED by SUPERVISOR -> Request Payment -> Payment Handled,2
Declaration SUBMITTED by EMPLOYEE -> Declaration REJECTED by PRE_APPROVER -> Declaration REJECTED by EMPLOYEE -> Declaration SUBMITTED by EMPLOYEE -> Declaration APPROVED by ADMINISTRATION -> Declaration FINAL_APPROVED by SUPERVISOR -> Request Payment -> Payment Handled,2
Declaration SUBMITTED by EMPLOYEE -> Declaration APPROVED by ADMINISTRATION -> Declaration REJECTED by SUPERVISOR -> Declaration REJECTED by EMPLOYEE -> Declaration SUBMITTED by EMPLOYEE -> Declaration REJECTED by ADMINISTRATION -> Declaration REJECTED by EMPLOYEE -> Declaration SUBMITTED by EMPLOYEE -> Declaration APPROVED by ADMINISTRATION -> Declaration FINAL_APPROVED by SUPERVISOR -> Request Payment -> Payment Handled,1
Declaration SUBMITTED by EMPLOYEE -> Declaration REJECTED by ADMINISTRATION -> Declaration REJECTED by EMPLOYEE -> Declaration SUBMITTED by EMPLOYEE -> Declaration APPROVED by ADMINISTRATION -> Declaration REJECTED by SUPERVISOR -> Declaration REJECTED by EMPLOYEE -> Declaration SUBMITTED by EMPLOYEE -> Declaration APPROVED by ADMINISTRATION -> Declaration REJECTED by BUDGET OWNER -> Declaration SUBMITTED by EMPLOYEE -> Declaration FOR_APPROVAL by ADMINISTRATION -> Declaration SUBMITTED by EMPLOYEE -> Declaration APPROVED by ADMINISTRATION -> Declaration APPROVED by BUDGET OWNER -> Declaration FINAL_APPROVED by SUPERVISOR -> Request Payment -> Payment Handled,1
Declaration SUBMITTED by EMPLOYEE -> Declaration REJECTED by SUPERVISOR -> Declaration REJECTED by EMPLOYEE -> Declaration SUBMITTED by EMPLOYEE -> Declaration REJECTED by SUPERVISOR -> Declaration REJECTED by EMPLOYEE -> Declaration SUBMITTED by EMPLOYEE -> Declaration FINAL_APPROVED by SUPERVISOR -> Request Payment -> Payment Handled,1
Declaration SUBMITTED by EMPLOYEE -> Declaration APPROVED by ADMINISTRATION -> Declaration REJECTED by SUPERVISOR -> Declaration REJECTED by EMPLOYEE -> Declaration SUBMITTED by EMPLOYEE -> Declaration APPROVED by ADMINISTRATION -> Declaration REJECTED by SUPERVISOR -> Declaration REJECTED by EMPLOYEE -> Declaration SUBMITTED by EMPLOYEE -> Declaration APPROVED by ADMINISTRATION -> Declaration APPROVED by BUDGET OWNER -> Declaration FINAL_APPROVED by SUPERVISOR -> Request Payment -> Payment Handled,1
Declaration SUBMITTED by EMPLOYEE -> Declaration APPROVED by PRE_APPROVER -> Declaration FINAL_APPROVED by SUPERVISOR -> Declaration REJECTED by MISSING -> Declaration SUBMITTED by EMPLOYEE -> Declaration APPROVED by PRE_APPROVER -> Declaration FINAL_APPROVED by SUPERVISOR -> Declaration REJECTED by MISSING -> Declaration SUBMITTED by EMPLOYEE -> Declaration APPROVED by PRE_APPROVER -> Declaration FINAL_APPROVED by SUPERVISOR -> Request Payment -> Payment Handled,1
Declaration SUBMITTED by EMPLOYEE -> Declaration REJECTED by PRE_APPROVER -> Declaration SUBMITTED by EMPLOYEE -> Declaration REJECTED by EMPLOYEE -> Declaration SUBMITTED by EMPLOYEE -> Declaration APPROVED by PRE_APPROVER -> Declaration FINAL_APPROVED by SUPERVISOR -> Request Payment -> Payment Handled,1
Declaration SUBMITTED by EMPLOYEE -> Declaration APPROVED by ADMINISTRATION -> Declaration APPROVED by BUDGET OWNER -> Declaration REJECTED by SUPERVISOR -> Declaration REJECTED by EMPLOYEE -> Declaration SUBMITTED by EMPLOYEE -> Declaration APPROVED by ADMINISTRATION -> Declaration REJECTED by BUDGET OWNER -> Declaration REJECTED by EMPLOYEE,1
Declaration SUBMITTED by EMPLOYEE -> Declaration REJECTED by ADMINISTRATION -> Declaration REJECTED by EMPLOYEE -> Declaration SUBMITTED by EMPLOYEE -> Declaration APPROVED by ADMINISTRATION -> Declaration APPROVED by BUDGET OWNER -> Declaration REJECTED by SUPERVISOR -> Declaration REJECTED by EMPLOYEE -> Declaration SUBMITTED by EMPLOYEE -> Declaration APPROVED by ADMINISTRATION -> Declaration FINAL_APPROVED by SUPERVISOR -> Request Payment -> Payment Handled,1
Declaration SUBMITTED by EMPLOYEE -> Declaration REJECTED by SUPERVISOR -> Declaration REJECTED by EMPLOYEE -> Declaration SUBMITTED by EMPLOYEE -> Declaration FINAL_APPROVED by SUPERVISOR -> Declaration REJECTED by MISSING -> Declaration SUBMITTED by EMPLOYEE -> Declaration FINAL_APPROVED by SUPERVISOR -> Request Payment -> Payment Handled,1
Declaration SUBMITTED by EMPLOYEE -> Declaration REJECTED by SUPERVISOR -> Declaration REJECTED by EMPLOYEE -> Declaration SUBMITTED by EMPLOYEE -> Declaration APPROVED by ADMINISTRATION -> Declaration FINAL_APPROVED by SUPERVISOR -> Request Payment -> Payment Handled,1
Declaration SUBMITTED by EMPLOYEE -> Declaration APPROVED by ADMINISTRATION -> Declaration REJECTED by SUPERVISOR -> Declaration REJECTED by EMPLOYEE -> Declaration SUBMITTED by EMPLOYEE -> Declaration APPROVED by ADMINISTRATION -> Declaration REJECTED by SUPERVISOR -> Declaration REJECTED by EMPLOYEE,1
Declaration SUBMITTED by EMPLOYEE -> Declaration FOR_APPROVAL by SUPERVISOR -> Declaration REJECTED by MISSING,1
Declaration SUBMITTED by EMPLOYEE -> Declaration FINAL_APPROVED by SUPERVISOR -> Declaration REJECTED by MISSING -> Declaration SUBMITTED by EMPLOYEE -> Declaration FINAL_APPROVED by SUPERVISOR -> Declaration REJECTED by MISSING -> Declaration SUBMITTED by EMPLOYEE -> Declaration FINAL_APPROVED by SUPERVISOR -> Declaration REJECTED by MISSING -> Declaration SUBMITTED by EMPLOYEE -> Declaration FINAL_APPROVED by SUPERVISOR -> Request Payment -> Payment Handled,1
Declaration SUBMITTED by EMPLOYEE -> Declaration APPROVED by ADMINISTRATION -> Declaration REJECTED by SUPERVISOR -> Declaration REJECTED by EMPLOYEE -> Declaration SUBMITTED by EMPLOYEE -> Declaration APPROVED by ADMINISTRATION -> Declaration REJECTED by BUDGET OWNER -> Declaration REJECTED by EMPLOYEE -> Declaration SUBMITTED by EMPLOYEE -> Declaration APPROVED by ADMINISTRATION -> Declaration REJECTED by BUDGET OWNER -> Declaration REJECTED by EMPLOYEE -> Declaration SUBMITTED by EMPLOYEE -> Declaration APPROVED by ADMINISTRATION -> Declaration FINAL_APPROVED by SUPERVISOR -> Request Payment -> Payment Handled,1
Declaration SUBMITTED by EMPLOYEE -> Declaration APPROVED by PRE_APPROVER -> Declaration FINAL_APPROVED by SUPERVISOR -> Declaration REJECTED by MISSING -> Declaration SUBMITTED by EMPLOYEE -> Declaration APPROVED by ADMINISTRATION -> Declaration APPROVED by BUDGET OWNER -> Declaration FINAL_APPROVED by SUPERVISOR -> Request Payment -> Payment Handled,1
Declaration SUBMITTED by EMPLOYEE -> Declaration REJECTED by SUPERVISOR -> Request Payment -> Payment Handled -> Declaration REJECTED by EMPLOYEE,1
Declaration SUBMITTED by EMPLOYEE -> Declaration REJECTED by PRE_APPROVER -> Declaration REJECTED by EMPLOYEE -> Declaration SUBMITTED by EMPLOYEE -> Declaration APPROVED by PRE_APPROVER -> Declaration FINAL_APPROVED by SUPERVISOR -> Declaration REJECTED by MISSING,1
Declaration SUBMITTED by EMPLOYEE -> Declaration FINAL_APPROVED by SUPERVISOR -> Declaration REJECTED by MISSING -> Declaration SUBMITTED by EMPLOYEE -> Declaration REJECTED by SUPERVISOR -> Declaration REJECTED by EMPLOYEE -> Declaration SUBMITTED by EMPLOYEE -> Declaration FINAL_APPROVED by SUPERVISOR -> Request Payment -> Payment Handled,1
Declaration SAVED by EMPLOYEE -> Request Payment -> Payment Handled,1
Declaration SUBMITTED by EMPLOYEE -> Declaration FOR_APPROVAL by PRE_APPROVER -> Declaration REJECTED by MISSING,1
Declaration SUBMITTED by EMPLOYEE -> Declaration FINAL_APPROVED by SUPERVISOR -> Declaration REJECTED by MISSING -> Declaration SUBMITTED by EMPLOYEE -> Declaration FINAL_APPROVED by SUPERVISOR -> Declaration REJECTED by MISSING,1
Declaration SUBMITTED by EMPLOYEE -> Declaration FINAL_APPROVED by SUPERVISOR -> Declaration REJECTED by MISSING -> Declaration SUBMITTED by EMPLOYEE -> Declaration APPROVED by ADMINISTRATION -> Declaration FINAL_APPROVED by SUPERVISOR -> Request Payment -> Payment Handled,1
Declaration SUBMITTED by EMPLOYEE -> Declaration REJECTED by ADMINISTRATION -> Declaration REJECTED by EMPLOYEE -> Declaration SUBMITTED by EMPLOYEE -> Declaration APPROVED by ADMINISTRATION -> Declaration REJECTED by BUDGET OWNER -> Declaration REJECTED by EMPLOYEE -> Declaration SUBMITTED by EMPLOYEE -> Declaration APPROVED by ADMINISTRATION -> Declaration FINAL_APPROVED by SUPERVISOR -> Request Payment -> Payment Handled,1
Declaration SUBMITTED by EMPLOYEE -> Declaration FINAL_APPROVED by SUPERVISOR -> Declaration REJECTED by MISSING -> Declaration SUBMITTED by EMPLOYEE -> Declaration REJECTED by PRE_APPROVER -> Declaration REJECTED by EMPLOYEE -> Declaration SUBMITTED by EMPLOYEE -> Declaration APPROVED by PRE_APPROVER -> Declaration FINAL_APPROVED by SUPERVISOR -> Request Payment -> Payment Handled,1
Declaration SUBMITTED by EMPLOYEE -> Declaration REJECTED by ADMINISTRATION -> Declaration REJECTED by EMPLOYEE -> Declaration SUBMITTED by EMPLOYEE -> Declaration REJECTED by ADMINISTRATION -> Declaration REJECTED by EMPLOYEE -> Declaration SUBMITTED by EMPLOYEE -> Declaration REJECTED by ADMINISTRATION -> Declaration REJECTED by EMPLOYEE -> Declaration SUBMITTED by EMPLOYEE -> Declaration APPROVED by ADMINISTRATION -> Declaration APPROVED by BUDGET OWNER -> Declaration FINAL_APPROVED by SUPERVISOR -> Request Payment -> Payment Handled,1
Declaration SUBMITTED by EMPLOYEE -> Declaration REJECTED by ADMINISTRATION -> Declaration SUBMITTED by EMPLOYEE -> Declaration APPROVED by ADMINISTRATION -> Declaration REJECTED by SUPERVISOR -> Declaration REJECTED by EMPLOYEE,1
Declaration SUBMITTED by EMPLOYEE -> Declaration APPROVED by ADMINISTRATION -> Declaration REJECTED by SUPERVISOR -> Declaration SUBMITTED by EMPLOYEE -> Declaration APPROVED by ADMINISTRATION -> Declaration FINAL_APPROVED by SUPERVISOR -> Payment Handled,1
Declaration SUBMITTED by EMPLOYEE -> Declaration APPROVED by ADMINISTRATION -> Declaration APPROVED by BUDGET OWNER -> Declaration REJECTED by SUPERVISOR -> Declaration REJECTED by EMPLOYEE -> Declaration SUBMITTED by EMPLOYEE -> Declaration APPROVED by ADMINISTRATION -> Declaration REJECTED by BUDGET OWNER -> Declaration REJECTED by EMPLOYEE -> Declaration SUBMITTED by EMPLOYEE -> Declaration APPROVED by ADMINISTRATION -> Declaration APPROVED by BUDGET OWNER -> Declaration FINAL_APPROVED by SUPERVISOR -> Request Payment -> Payment Handled,1
Declaration SUBMITTED by EMPLOYEE -> Declaration REJECTED by ADMINISTRATION -> Declaration REJECTED by EMPLOYEE -> Declaration SUBMITTED by EMPLOYEE -> Declaration APPROVED by ADMINISTRATION -> Declaration APPROVED by BUDGET OWNER -> Declaration REJECTED by SUPERVISOR -> Declaration REJECTED by EMPLOYEE,1
Declaration SUBMITTED by EMPLOYEE -> Declaration REJECTED by ADMINISTRATION -> Declaration REJECTED by EMPLOYEE -> Declaration SUBMITTED by EMPLOYEE -> Declaration REJECTED by ADMINISTRATION -> Declaration SUBMITTED by EMPLOYEE -> Declaration APPROVED by ADMINISTRATION -> Declaration FINAL_APPROVED by SUPERVISOR -> Request Payment -> Payment Handled,1
Declaration SUBMITTED by EMPLOYEE -> Declaration REJECTED by ADMINISTRATION -> Declaration SUBMITTED by EMPLOYEE -> Declaration REJECTED by ADMINISTRATION -> Declaration SUBMITTED by EMPLOYEE -> Declaration REJECTED by ADMINISTRATION -> Declaration REJECTED by EMPLOYEE,1
Declaration SUBMITTED by EMPLOYEE -> Declaration APPROVED by ADMINISTRATION -> Declaration APPROVED by BUDGET OWNER -> Declaration REJECTED by SUPERVISOR,1
Declaration SUBMITTED by EMPLOYEE -> Declaration REJECTED by ADMINISTRATION -> Declaration REJECTED by EMPLOYEE -> Declaration SUBMITTED by EMPLOYEE -> Declaration REJECTED by ADMINISTRATION -> Declaration SUBMITTED by EMPLOYEE -> Declaration REJECTED by EMPLOYEE,1
Declaration SUBMITTED by EMPLOYEE -> Declaration REJECTED by ADMINISTRATION -> Declaration REJECTED by EMPLOYEE -> Declaration SUBMITTED by EMPLOYEE -> Declaration REJECTED by ADMINISTRATION -> Declaration REJECTED by EMPLOYEE -> Declaration SUBMITTED by EMPLOYEE -> Declaration APPROVED by ADMINISTRATION -> Declaration REJECTED by SUPERVISOR -> Declaration REJECTED by EMPLOYEE -> Declaration SUBMITTED by EMPLOYEE -> Declaration APPROVED by ADMINISTRATION -> Declaration APPROVED by BUDGET OWNER -> Declaration FINAL_APPROVED by SUPERVISOR -> Request Payment -> Payment Handled,1
Declaration SUBMITTED by EMPLOYEE -> Declaration APPROVED by ADMINISTRATION -> Declaration REJECTED by BUDGET OWNER -> Declaration REJECTED by EMPLOYEE -> Declaration SUBMITTED by EMPLOYEE -> Declaration REJECTED by ADMINISTRATION -> Declaration REJECTED by EMPLOYEE -> Declaration SUBMITTED by EMPLOYEE -> Declaration REJECTED by ADMINISTRATION -> Declaration SUBMITTED by EMPLOYEE -> Declaration REJECTED by EMPLOYEE -> Declaration SUBMITTED by EMPLOYEE -> Declaration APPROVED by ADMINISTRATION -> Declaration APPROVED by BUDGET OWNER -> Declaration FINAL_APPROVED by SUPERVISOR -> Request Payment -> Payment Handled,1
Declaration SUBMITTED by EMPLOYEE -> Declaration APPROVED by ADMINISTRATION -> Declaration REJECTED by SUPERVISOR -> Declaration SUBMITTED by EMPLOYEE -> Declaration REJECTED by EMPLOYEE -> Declaration SUBMITTED by EMPLOYEE -> Declaration APPROVED by ADMINISTRATION -> Declaration FINAL_APPROVED by SUPERVISOR -> Request Payment -> Payment Handled,1
Declaration SUBMITTED by EMPLOYEE -> Declaration APPROVED by ADMINISTRATION -> Declaration APPROVED by BUDGET OWNER -> Declaration REJECTED by SUPERVISOR -> Declaration REJECTED by EMPLOYEE -> Declaration SUBMITTED by EMPLOYEE -> Declaration REJECTED by ADMINISTRATION -> Declaration REJECTED by EMPLOYEE -> Declaration SUBMITTED by EMPLOYEE -> Declaration APPROVED by ADMINISTRATION -> Declaration APPROVED by BUDGET OWNER -> Declaration FINAL_APPROVED by SUPERVISOR -> Request Payment -> Payment Handled,1
Declaration SUBMITTED by EMPLOYEE -> Declaration REJECTED by ADMINISTRATION -> Declaration REJECTED by EMPLOYEE -> Declaration SUBMITTED by EMPLOYEE -> Declaration APPROVED by ADMINISTRATION -> Declaration REJECTED by SUPERVISOR -> Declaration REJECTED by EMPLOYEE -> Declaration SUBMITTED by EMPLOYEE -> Declaration APPROVED by ADMINISTRATION -> Declaration APPROVED by BUDGET OWNER -> Declaration REJECTED by SUPERVISOR -> Declaration REJECTED by EMPLOYEE -> Declaration SUBMITTED by EMPLOYEE -> Declaration APPROVED by ADMINISTRATION -> Declaration APPROVED by BUDGET OWNER -> Declaration FINAL_APPROVED by SUPERVISOR -> Request Payment -> Payment Handled,1
Declaration SUBMITTED by EMPLOYEE -> Declaration REJECTED by ADMINISTRATION -> Declaration REJECTED by EMPLOYEE -> Declaration SUBMITTED by EMPLOYEE -> Declaration APPROVED by ADMINISTRATION -> Declaration REJECTED by SUPERVISOR,1
Declaration SUBMITTED by EMPLOYEE -> Declaration REJECTED by ADMINISTRATION -> Declaration REJECTED by EMPLOYEE -> Declaration SUBMITTED by EMPLOYEE -> Declaration REJECTED by ADMINISTRATION -> Declaration REJECTED by EMPLOYEE -> Declaration SUBMITTED by EMPLOYEE -> Declaration REJECTED by ADMINISTRATION -> Declaration REJECTED by EMPLOYEE -> Declaration SUBMITTED by EMPLOYEE -> Declaration APPROVED by ADMINISTRATION -> Declaration REJECTED by SUPERVISOR -> Declaration REJECTED by EMPLOYEE -> Declaration SUBMITTED by EMPLOYEE -> Declaration REJECTED by ADMINISTRATION -> Declaration REJECTED by EMPLOYEE -> Declaration SUBMITTED by EMPLOYEE -> Declaration REJECTED by ADMINISTRATION -> Declaration REJECTED by EMPLOYEE -> Declaration SUBMITTED by EMPLOYEE -> Declaration APPROVED by ADMINISTRATION -> Declaration FINAL_APPROVED by SUPERVISOR -> Request Payment -> Payment Handled,1
Declaration SUBMITTED by EMPLOYEE -> Declaration REJECTED by ADMINISTRATION -> Declaration SUBMITTED by EMPLOYEE -> Declaration REJECTED by ADMINISTRATION -> Declaration SUBMITTED by EMPLOYEE -> Declaration REJECTED by ADMINISTRATION -> Declaration SUBMITTED by EMPLOYEE -> Declaration REJECTED by ADMINISTRATION -> Declaration SUBMITTED by EMPLOYEE -> Declaration REJECTED by ADMINISTRATION -> Declaration SUBMITTED by EMPLOYEE -> Declaration REJECTED by ADMINISTRATION -> Declaration REJECTED by EMPLOYEE,1
Declaration SUBMITTED by EMPLOYEE -> Declaration REJECTED by ADMINISTRATION -> Declaration REJECTED by EMPLOYEE -> Declaration SUBMITTED by EMPLOYEE -> Declaration APPROVED by ADMINISTRATION -> Declaration REJECTED by BUDGET OWNER -> Declaration REJECTED by EMPLOYEE -> Declaration SUBMITTED by EMPLOYEE -> Declaration APPROVED by ADMINISTRATION -> Declaration APPROVED by BUDGET OWNER -> Declaration REJECTED by SUPERVISOR -> Declaration REJECTED by EMPLOYEE -> Declaration SUBMITTED by EMPLOYEE -> Declaration APPROVED by ADMINISTRATION -> Declaration FINAL_APPROVED by SUPERVISOR -> Request Payment -> Payment Handled,1
Declaration SUBMITTED by EMPLOYEE -> Declaration APPROVED by ADMINISTRATION -> Declaration REJECTED by BUDGET OWNER -> Declaration REJECTED by EMPLOYEE -> Declaration SUBMITTED by EMPLOYEE -> Declaration REJECTED by ADMINISTRATION -> Declaration REJECTED by EMPLOYEE,1
Declaration SUBMITTED by EMPLOYEE -> Declaration FINAL_APPROVED by SUPERVISOR -> Declaration REJECTED by MISSING -> Declaration SUBMITTED by EMPLOYEE -> Declaration REJECTED by ADMINISTRATION -> Declaration REJECTED by EMPLOYEE -> Declaration SUBMITTED by EMPLOYEE -> Declaration APPROVED by ADMINISTRATION -> Declaration FINAL_APPROVED by SUPERVISOR -> Request Payment -> Payment Handled,1
Declaration SUBMITTED by EMPLOYEE -> Declaration REJECTED by ADMINISTRATION -> Declaration SUBMITTED by EMPLOYEE -> Declaration REJECTED by EMPLOYEE -> Declaration SUBMITTED by EMPLOYEE -> Declaration APPROVED by ADMINISTRATION -> Declaration APPROVED by BUDGET OWNER -> Declaration FINAL_APPROVED by SUPERVISOR -> Request Payment -> Payment Handled,1
Declaration SUBMITTED by EMPLOYEE -> Declaration REJECTED by ADMINISTRATION -> Declaration REJECTED by EMPLOYEE -> Declaration SUBMITTED by EMPLOYEE -> Declaration APPROVED by ADMINISTRATION -> Declaration REJECTED by SUPERVISOR -> Declaration REJECTED by EMPLOYEE,1
