case_id,violation_type
declaration 10069,trip_started_without_permit_final_approval
declaration 10151,trip_started_without_permit_final_approval
declaration 10168,trip_started_without_permit_final_approval
declaration 10279,trip_started_without_permit_final_approval
declaration 10472,trip_started_without_permit_final_approval
declaration 10552,trip_started_without_permit_final_approval
declaration 10578,trip_started_without_permit_final_approval
declaration 10638,trip_started_without_permit_final_approval
declaration 10743,trip_started_without_permit_final_approval
declaration 1079,trip_started_without_permit_final_approval
declaration 1081,trip_started_without_permit_final_approval
declaration 10816,trip_started_without_permit_final_approval
declaration 10818,trip_started_without_permit_final_approval
declaration 10862,trip_started_without_permit_final_approval
declaration 10986,trip_started_without_permit_final_approval
declaration 11025,trip_started_without_permit_final_approval
declaration 11149,trip_started_without_permit_final_approval
declaration 1116,trip_started_without_permit_final_approval
declaration 11177,trip_started_without_permit_final_approval
declaration 11239,trip_started_without_permit_final_approval
declaration 11293,trip_started_without_permit_final_approval
declaration 11436,trip_started_without_permit_final_approval
declaration 11492,trip_started_without_permit_final_approval
declaration 11524,trip_started_without_permit_final_approval
declaration 11537,trip_started_without_permit_final_approval
declaration 11558,trip_started_without_permit_final_approval
declaration 11595,trip_started_without_permit_final_approval
declaration 11596,trip_started_without_permit_final_approval
declaration 11695,trip_started_without_permit_final_approval
declaration 11706,trip_started_without_permit_final_approval
declaration 11717,trip_started_without_permit_final_approval
declaration 11798,trip_started_without_permit_final_approval
declaration 1186,trip_started_without_permit_final_approval
declaration 11898,trip_started_without_permit_final_approval
declaration 11921,trip_started_without_permit_final_approval
declaration 11949,trip_started_without_permit_final_approval
declaration 1197,trip_started_without_permit_final_approval
declaration 11980,trip_started_without_permit_final_approval
declaration 12007,trip_started_without_permit_final_approval
declaration 12158,trip_started_without_permit_final_approval
declaration 12172,trip_started_without_permit_final_approval
declaration 12194,trip_started_without_permit_final_approval
declaration 12259,trip_started_without_permit_final_approval
declaration 12513,trip_started_without_permit_final_approval
declaration 12515,trip_started_without_permit_final_approval
declaration 1265,trip_started_without_permit_final_approval
declaration 12674,trip_started_without_permit_final_approval
declaration 1287,trip_started_without_permit_final_approval
declaration 12902,trip_started_without_permit_final_approval
declaration 1300,trip_started_without_permit_final_approval
declaration 13036,trip_started_without_permit_final_approval
declaration 13117,trip_started_without_permit_final_approval
declaration 13132,trip_started_without_permit_final_approval
declaration 1315,trip_started_without_permit_final_approval
declaration 13180,trip_started_without_permit_final_approval
declaration 1328,trip_started_without_permit_final_approval
declaration 13288,trip_started_without_permit_final_approval
declaration 1330,trip_started_without_permit_final_approval
declaration 13483,trip_started_without_permit_final_approval
declaration 13589,trip_started_without_permit_final_approval
declaration 13618,trip_started_without_permit_final_approval
declaration 13646,trip_started_without_permit_final_approval
declaration 13762,trip_started_without_permit_final_approval
declaration 14037,trip_started_without_permit_final_approval
declaration 14083,trip_started_without_permit_final_approval
declaration 14101,trip_started_without_permit_final_approval
declaration 14195,trip_started_without_permit_final_approval
declaration 14197,trip_started_without_permit_final_approval
declaration 14198,trip_started_without_permit_final_approval
declaration 14200,trip_started_without_permit_final_approval
declaration 143467,trip_started_without_permit_final_approval
declaration 143474,trip_started_without_permit_final_approval
declaration 143481,trip_started_without_permit_final_approval
declaration 143488,trip_started_without_permit_final_approval
declaration 143496,trip_started_without_permit_final_approval
declaration 143502,trip_started_without_permit_final_approval
declaration 143513,trip_started_without_permit_final_approval
declaration 143519,trip_started_without_permit_final_approval
declaration 143526,trip_started_without_permit_final_approval
declaration 143532,trip_started_without_permit_final_approval
declaration 143539,trip_started_without_permit_final_approval
declaration 143546,trip_started_without_permit_final_approval
declaration 143558,trip_started_without_permit_final_approval
declaration 143570,trip_started_without_permit_final_approval
declaration 143578,trip_started_without_permit_final_approval
declaration 14358,trip_started_without_permit_final_approval
declaration 143585,trip_started_without_permit_final_approval
declaration 143598,trip_started_without_permit_final_approval
declaration 143605,trip_started_without_permit_final_approval
declaration 143612,trip_started_without_permit_final_approval
declaration 143617,trip_started_without_permit_final_approval
declaration 143624,trip_started_without_permit_final_approval
declaration 143630,trip_started_without_permit_final_approval
declaration 143637,trip_started_without_permit_final_approval
declaration 143644,trip_started_without_permit_final_approval
declaration 143657,trip_started_without_permit_final_approval
declaration 143664,trip_started_without_permit_final_approval
declaration 143670,trip_started_without_permit_final_approval
declaration 143697,trip_started_without_permit_final_approval
declaration 143708,trip_started_without_permit_final_approval
declaration 143721,trip_started_without_permit_final_approval
declaration 143729,trip_started_without_permit_final_approval
declaration 143738,trip_started_without_permit_final_approval
declaration 143750,trip_started_without_permit_final_approval
declaration 143763,trip_started_without_permit_final_approval
declaration 143784,trip_started_without_permit_final_approval
declaration 14379,trip_started_without_permit_final_approval
declaration 143790,trip_started_without_permit_final_approval
declaration 143795,trip_started_without_permit_final_approval
declaration 143803,trip_started_without_permit_final_approval
declaration 143816,trip_started_without_permit_final_approval
declaration 143840,trip_started_without_permit_final_approval
declaration 143861,trip_started_without_permit_final_approval
declaration 143870,trip_started_without_permit_final_approval
declaration 143878,trip_started_without_permit_final_approval
declaration 143885,trip_started_without_permit_final_approval
declaration 143898,trip_started_without_permit_final_approval
declaration 143906,trip_started_without_permit_final_approval
declaration 143917,trip_started_without_permit_final_approval
declaration 143924,trip_started_without_permit_final_approval
declaration 143934,trip_started_without_permit_final_approval
declaration 143943,trip_started_without_permit_final_approval
declaration 143953,trip_started_without_permit_final_approval
declaration 143961,trip_started_without_permit_final_approval
declaration 143973,trip_started_without_permit_final_approval
declaration 143995,trip_started_without_permit_final_approval
declaration 144012,trip_started_without_permit_final_approval
declaration 144023,trip_started_without_permit_final_approval
declaration 144035,trip_started_without_permit_final_approval
declaration 144046,trip_started_without_permit_final_approval
declaration 144050,trip_started_without_permit_final_approval
declaration 144057,trip_started_without_permit_final_approval
declaration 144065,trip_started_without_permit_final_approval
declaration 144079,trip_started_without_permit_final_approval
declaration 144086,trip_started_without_permit_final_approval
declaration 144095,trip_started_without_permit_final_approval
declaration 144101,trip_started_without_permit_final_approval
declaration 144107,trip_started_without_permit_final_approval
declaration 144113,trip_started_without_permit_final_approval
declaration 144129,trip_started_without_permit_final_approval
declaration 144138,trip_started_without_permit_final_approval
declaration 144147,trip_started_without_permit_final_approval
declaration 144158,trip_started_without_permit_final_approval
declaration 144166,trip_started_without_permit_final_approval
declaration 144174,trip_started_without_permit_final_approval
declaration 144200,trip_started_without_permit_final_approval
declaration 144209,trip_started_without_permit_final_approval
declaration 144216,trip_started_without_permit_final_approval
declaration 144222,trip_started_without_permit_final_approval
declaration 144229,trip_started_without_permit_final_approval
declaration 144237,trip_started_without_permit_final_approval
declaration 144244,trip_started_without_permit_final_approval
declaration 144252,trip_started_without_permit_final_approval
declaration 144263,trip_started_without_permit_final_approval
declaration 144269,trip_started_without_permit_final_approval
declaration 144280,trip_started_without_permit_final_approval
declaration 144288,trip_started_without_permit_final_approval
declaration 144294,trip_started_without_permit_final_approval
declaration 144304,trip_started_without_permit_final_approval
declaration 144311,trip_started_without_permit_final_approval
declaration 144318,trip_started_without_permit_final_approval
declaration 144326,trip_started_without_permit_final_approval
declaration 144335,trip_started_without_permit_final_approval
declaration 144342,trip_started_without_permit_final_approval
declaration 144350,trip_started_without_permit_final_approval
declaration 144356,trip_started_without_permit_final_approval
declaration 144364,trip_started_without_permit_final_approval
declaration 144371,trip_started_without_permit_final_approval
declaration 144386,trip_started_without_permit_final_approval
declaration 144392,trip_started_without_permit_final_approval
declaration 144398,trip_started_without_permit_final_approval
declaration 144406,trip_started_without_permit_final_approval
declaration 144415,trip_started_without_permit_final_approval
declaration 144423,trip_started_without_permit_final_approval
declaration 144431,trip_started_without_permit_final_approval
declaration 144437,trip_started_without_permit_final_approval
declaration 144447,trip_started_without_permit_final_approval
declaration 144454,trip_started_without_permit_final_approval
declaration 144461,trip_started_without_permit_final_approval
declaration 144468,trip_started_without_permit_final_approval
declaration 144476,trip_started_without_permit_final_approval
declaration 144485,trip_started_without_permit_final_approval
declaration 14449,trip_started_without_permit_final_approval
declaration 144492,trip_started_without_permit_final_approval
declaration 144501,trip_started_without_permit_final_approval
declaration 144507,trip_started_without_permit_final_approval
declaration 144516,trip_started_without_permit_final_approval
declaration 144523,trip_started_without_permit_final_approval
declaration 144542,trip_started_without_permit_final_approval
declaration 144550,trip_started_without_permit_final_approval
declaration 144554,trip_started_without_permit_final_approval
declaration 144561,trip_started_without_permit_final_approval
declaration 144569,trip_started_without_permit_final_approval
declaration 144575,trip_started_without_permit_final_approval
declaration 144581,trip_started_without_permit_final_approval
declaration 144589,trip_started_without_permit_final_approval
declaration 144602,trip_started_without_permit_final_approval
declaration 144609,trip_started_without_permit_final_approval
declaration 14461,trip_started_without_permit_final_approval
declaration 144617,trip_started_without_permit_final_approval
declaration 144624,trip_started_without_permit_final_approval
declaration 144633,trip_started_without_permit_final_approval
declaration 144643,trip_started_without_permit_final_approval
declaration 144654,trip_started_without_permit_final_approval
declaration 144661,trip_started_without_permit_final_approval
declaration 144672,trip_started_without_permit_final_approval
declaration 144679,trip_started_without_permit_final_approval
declaration 144687,trip_started_without_permit_final_approval
declaration 144693,trip_started_without_permit_final_approval
declaration 144700,trip_started_without_permit_final_approval
declaration 144707,trip_started_without_permit_final_approval
declaration 144713,trip_started_without_permit_final_approval
declaration 144720,trip_started_without_permit_final_approval
declaration 144727,trip_started_without_permit_final_approval
declaration 144734,trip_started_without_permit_final_approval
declaration 144741,trip_started_without_permit_final_approval
declaration 144748,trip_started_without_permit_final_approval
declaration 144752,trip_started_without_permit_final_approval
declaration 144758,trip_started_without_permit_final_approval
declaration 144765,trip_started_without_permit_final_approval
declaration 144771,trip_started_without_permit_final_approval
declaration 144777,trip_started_without_permit_final_approval
declaration 144783,trip_started_without_permit_final_approval
declaration 144790,trip_started_without_permit_final_approval
declaration 144797,trip_started_without_permit_final_approval
declaration 144803,trip_started_without_permit_final_approval
declaration 144810,trip_started_without_permit_final_approval
declaration 144816,trip_started_without_permit_final_approval
declaration 144824,trip_started_without_permit_final_approval
declaration 144832,trip_started_without_permit_final_approval
declaration 144838,trip_started_without_permit_final_approval
declaration 144845,trip_started_without_permit_final_approval
declaration 144852,trip_started_without_permit_final_approval
declaration 144858,trip_started_without_permit_final_approval
declaration 144860,trip_started_without_permit_final_approval
declaration 144873,trip_started_without_permit_final_approval
declaration 144879,trip_started_without_permit_final_approval
declaration 144884,trip_started_without_permit_final_approval
declaration 144890,trip_started_without_permit_final_approval
declaration 144899,trip_started_without_permit_final_approval
declaration 144905,trip_started_without_permit_final_approval
declaration 144912,trip_started_without_permit_final_approval
declaration 144919,trip_started_without_permit_final_approval
declaration 144926,trip_started_without_permit_final_approval
declaration 144933,trip_started_without_permit_final_approval
declaration 144939,trip_started_without_permit_final_approval
declaration 144946,trip_started_without_permit_final_approval
declaration 144955,trip_started_without_permit_final_approval
declaration 144964,trip_started_without_permit_final_approval
declaration 144968,trip_started_without_permit_final_approval
declaration 144974,trip_started_without_permit_final_approval
declaration 144979,trip_started_without_permit_final_approval
declaration 144986,trip_started_without_permit_final_approval
declaration 144992,trip_started_without_permit_final_approval
declaration 144996,trip_started_without_permit_final_approval
declaration 145007,trip_started_without_permit_final_approval
declaration 145020,trip_started_without_permit_final_approval
declaration 145027,trip_started_without_permit_final_approval
declaration 145035,trip_started_without_permit_final_approval
declaration 145045,trip_started_without_permit_final_approval
declaration 145053,trip_started_without_permit_final_approval
declaration 145062,trip_started_without_permit_final_approval
declaration 145069,trip_started_without_permit_final_approval
declaration 145079,trip_started_without_permit_final_approval
declaration 145087,trip_started_without_permit_final_approval
declaration 145095,trip_started_without_permit_final_approval
declaration 145102,trip_started_without_permit_final_approval
declaration 145110,trip_started_without_permit_final_approval
declaration 145117,trip_started_without_permit_final_approval
declaration 145125,trip_started_without_permit_final_approval
declaration 145138,trip_started_without_permit_final_approval
declaration 145147,trip_started_without_permit_final_approval
declaration 145155,trip_started_without_permit_final_approval
declaration 145165,trip_started_without_permit_final_approval
declaration 145177,trip_started_without_permit_final_approval
declaration 145185,trip_started_without_permit_final_approval
declaration 145192,trip_started_without_permit_final_approval
declaration 145201,trip_started_without_permit_final_approval
declaration 145209,trip_started_without_permit_final_approval
declaration 145217,trip_started_without_permit_final_approval
declaration 145225,trip_started_without_permit_final_approval
declaration 145235,trip_started_without_permit_final_approval
declaration 145243,trip_started_without_permit_final_approval
declaration 145254,trip_started_without_permit_final_approval
declaration 145262,trip_started_without_permit_final_approval
declaration 145271,trip_started_without_permit_final_approval
declaration 145282,trip_started_without_permit_final_approval
declaration 145296,trip_started_without_permit_final_approval
declaration 145307,trip_started_without_permit_final_approval
declaration 145315,trip_started_without_permit_final_approval
declaration 145324,trip_started_without_permit_final_approval
declaration 145332,trip_started_without_permit_final_approval
declaration 145340,trip_started_without_permit_final_approval
declaration 145348,trip_started_without_permit_final_approval
declaration 145355,trip_started_without_permit_final_approval
declaration 145367,trip_started_without_permit_final_approval
declaration 145375,trip_started_without_permit_final_approval
declaration 145382,trip_started_without_permit_final_approval
declaration 145390,trip_started_without_permit_final_approval
declaration 145398,trip_started_without_permit_final_approval
declaration 145408,trip_started_without_permit_final_approval
declaration 145416,trip_started_without_permit_final_approval
declaration 145427,trip_started_without_permit_final_approval
declaration 145437,trip_started_without_permit_final_approval
declaration 145454,trip_started_without_permit_final_approval
declaration 145458,trip_started_without_permit_final_approval
declaration 145466,trip_started_without_permit_final_approval
declaration 145476,trip_started_without_permit_final_approval
declaration 145485,trip_started_without_permit_final_approval
declaration 145493,trip_started_without_permit_final_approval
declaration 145501,trip_started_without_permit_final_approval
declaration 145509,trip_started_without_permit_final_approval
declaration 145517,trip_started_without_permit_final_approval
declaration 145524,trip_started_without_permit_final_approval
declaration 145529,trip_started_without_permit_final_approval
declaration 145537,trip_started_without_permit_final_approval
declaration 145544,trip_started_without_permit_final_approval
declaration 145551,trip_started_without_permit_final_approval
declaration 145558,trip_started_without_permit_final_approval
declaration 145566,trip_started_without_permit_final_approval
declaration 145574,trip_started_without_permit_final_approval
declaration 145582,trip_started_without_permit_final_approval
declaration 145589,trip_started_without_permit_final_approval
declaration 145595,trip_started_without_permit_final_approval
declaration 145601,trip_started_without_permit_final_approval
declaration 145610,trip_started_without_permit_final_approval
declaration 145618,trip_started_without_permit_final_approval
declaration 145626,trip_started_without_permit_final_approval
declaration 145633,trip_started_without_permit_final_approval
declaration 145640,trip_started_without_permit_final_approval
declaration 145649,trip_started_without_permit_final_approval
declaration 145657,trip_started_without_permit_final_approval
declaration 145667,trip_started_without_permit_final_approval
declaration 145674,trip_started_without_permit_final_approval
declaration 145682,trip_started_without_permit_final_approval
declaration 145690,trip_started_without_permit_final_approval
declaration 145696,trip_started_without_permit_final_approval
declaration 145703,trip_started_without_permit_final_approval
declaration 145715,trip_started_without_permit_final_approval
declaration 145725,trip_started_without_permit_final_approval
declaration 145734,trip_started_without_permit_final_approval
declaration 145741,trip_started_without_permit_final_approval
declaration 145748,trip_started_without_permit_final_approval
declaration 145762,trip_started_without_permit_final_approval
declaration 145769,trip_started_without_permit_final_approval
declaration 145777,trip_started_without_permit_final_approval
declaration 145790,trip_started_without_permit_final_approval
declaration 145798,trip_started_without_permit_final_approval
declaration 145806,trip_started_without_permit_final_approval
declaration 145813,trip_started_without_permit_final_approval
declaration 145822,trip_started_without_permit_final_approval
declaration 145828,trip_started_without_permit_final_approval
declaration 145845,trip_started_without_permit_final_approval
declaration 145852,trip_started_without_permit_final_approval
declaration 145859,trip_started_without_permit_final_approval
declaration 145864,trip_started_without_permit_final_approval
declaration 145872,trip_started_without_permit_final_approval
declaration 145880,trip_started_without_permit_final_approval
declaration 145888,trip_started_without_permit_final_approval
declaration 145895,trip_started_without_permit_final_approval
declaration 145903,trip_started_without_permit_final_approval
declaration 145913,trip_started_without_permit_final_approval
declaration 145924,trip_started_without_permit_final_approval
declaration 145931,trip_started_without_permit_final_approval
declaration 145942,trip_started_without_permit_final_approval
declaration 145950,trip_started_without_permit_final_approval
declaration 145961,trip_started_without_permit_final_approval
declaration 145970,trip_started_without_permit_final_approval
declaration 145978,trip_started_without_permit_final_approval
declaration 145986,trip_started_without_permit_final_approval
declaration 145994,trip_started_without_permit_final_approval
declaration 146002,trip_started_without_permit_final_approval
declaration 146011,trip_started_without_permit_final_approval
declaration 146018,trip_started_without_permit_final_approval
declaration 146025,trip_started_without_permit_final_approval
declaration 146032,trip_started_without_permit_final_approval
declaration 146040,trip_started_without_permit_final_approval
declaration 146048,trip_started_without_permit_final_approval
declaration 146056,trip_started_without_permit_final_approval
declaration 146060,trip_started_without_permit_final_approval
declaration 146068,trip_started_without_permit_final_approval
declaration 146080,trip_started_without_permit_final_approval
declaration 146090,trip_started_without_permit_final_approval
declaration 146100,trip_started_without_permit_final_approval
declaration 146110,trip_started_without_permit_final_approval
declaration 146117,trip_started_without_permit_final_approval
declaration 146125,trip_started_without_permit_final_approval
declaration 146132,trip_started_without_permit_final_approval
declaration 146139,trip_started_without_permit_final_approval
declaration 146145,trip_started_without_permit_final_approval
declaration 146156,trip_started_without_permit_final_approval
declaration 146164,trip_started_without_permit_final_approval
declaration 146172,trip_started_without_permit_final_approval
declaration 146179,trip_started_without_permit_final_approval
declaration 146183,trip_started_without_permit_final_approval
declaration 146191,trip_started_without_permit_final_approval
declaration 146199,trip_started_without_permit_final_approval
declaration 146207,trip_started_without_permit_final_approval
declaration 146214,trip_started_without_permit_final_approval
declaration 146220,trip_started_without_permit_final_approval
declaration 146226,trip_started_without_permit_final_approval
declaration 146234,trip_started_without_permit_final_approval
declaration 146241,trip_started_without_permit_final_approval
declaration 146248,trip_started_without_permit_final_approval
declaration 146255,trip_started_without_permit_final_approval
declaration 146263,trip_started_without_permit_final_approval
declaration 146271,trip_started_without_permit_final_approval
declaration 146279,trip_started_without_permit_final_approval
declaration 146287,trip_started_without_permit_final_approval
declaration 146295,trip_started_without_permit_final_approval
declaration 146303,trip_started_without_permit_final_approval
declaration 146311,trip_started_without_permit_final_approval
declaration 146320,trip_started_without_permit_final_approval
declaration 146328,trip_started_without_permit_final_approval
declaration 146335,trip_started_without_permit_final_approval
declaration 146343,trip_started_without_permit_final_approval
declaration 146353,trip_started_without_permit_final_approval
declaration 146358,trip_started_without_permit_final_approval
declaration 146365,trip_started_without_permit_final_approval
declaration 146372,trip_started_without_permit_final_approval
declaration 146382,trip_started_without_permit_final_approval
declaration 146390,trip_started_without_permit_final_approval
declaration 146396,trip_started_without_permit_final_approval
declaration 146407,trip_started_without_permit_final_approval
declaration 146418,trip_started_without_permit_final_approval
declaration 146426,trip_started_without_permit_final_approval
declaration 146436,trip_started_without_permit_final_approval
declaration 146444,trip_started_without_permit_final_approval
declaration 146451,trip_started_without_permit_final_approval
declaration 146459,trip_started_without_permit_final_approval
declaration 146466,trip_started_without_permit_final_approval
declaration 146473,trip_started_without_permit_final_approval
declaration 146480,trip_started_without_permit_final_approval
declaration 146488,trip_started_without_permit_final_approval
declaration 146498,trip_started_without_permit_final_approval
declaration 146502,trip_started_without_permit_final_approval
declaration 146510,trip_started_without_permit_final_approval
declaration 146517,trip_started_without_permit_final_approval
declaration 146527,trip_started_without_permit_final_approval
declaration 146535,trip_started_without_permit_final_approval
declaration 146546,trip_started_without_permit_final_approval
declaration 146553,trip_started_without_permit_final_approval
declaration 146561,trip_started_without_permit_final_approval
declaration 146572,trip_started_without_permit_final_approval
declaration 146580,trip_started_without_permit_final_approval
declaration 146588,trip_started_without_permit_final_approval
declaration 146596,trip_started_without_permit_final_approval
declaration 146604,trip_started_without_permit_final_approval
declaration 146613,trip_started_without_permit_final_approval
declaration 146621,trip_started_without_permit_final_approval
declaration 146628,trip_started_without_permit_final_approval
declaration 146639,trip_started_without_permit_final_approval
declaration 146647,trip_started_without_permit_final_approval
declaration 146655,trip_started_without_permit_final_approval
declaration 146733,trip_started_without_permit_final_approval
declaration 146743,trip_started_without_permit_final_approval
declaration 146766,trip_started_without_permit_final_approval
declaration 146785,trip_started_without_permit_final_approval
declaration 146829,trip_started_without_permit_final_approval
declaration 146861,trip_started_without_permit_final_approval
declaration 146876,trip_started_without_permit_final_approval
declaration 146884,trip_started_without_permit_final_approval
declaration 146894,trip_started_without_permit_final_approval
declaration 146906,trip_started_without_permit_final_approval
declaration 146916,trip_started_without_permit_final_approval
declaration 146923,trip_started_without_permit_final_approval
declaration 146930,trip_started_without_permit_final_approval
declaration 146938,trip_started_without_permit_final_approval
declaration 146946,trip_started_without_permit_final_approval
declaration 146954,trip_started_without_permit_final_approval
declaration 146966,trip_started_without_permit_final_approval
declaration 146974,trip_started_without_permit_final_approval
declaration 146982,trip_started_without_permit_final_approval
declaration 146992,trip_started_without_permit_final_approval
declaration 147001,trip_started_without_permit_final_approval
declaration 147011,trip_started_without_permit_final_approval
declaration 147020,trip_started_without_permit_final_approval
declaration 147028,trip_started_without_permit_final_approval
declaration 147039,trip_started_without_permit_final_approval
declaration 147053,trip_started_without_permit_final_approval
declaration 147066,trip_started_without_permit_final_approval
declaration 147073,trip_started_without_permit_final_approval
declaration 147083,trip_started_without_permit_final_approval
declaration 147094,trip_started_without_permit_final_approval
declaration 147102,trip_started_without_permit_final_approval
declaration 147106,trip_started_without_permit_final_approval
declaration 147112,trip_started_without_permit_final_approval
declaration 147116,trip_started_without_permit_final_approval
declaration 147127,trip_started_without_permit_final_approval
declaration 147138,trip_started_without_permit_final_approval
declaration 147144,trip_started_without_permit_final_approval
declaration 147152,trip_started_without_permit_final_approval
declaration 147159,trip_started_without_permit_final_approval
declaration 147167,trip_started_without_permit_final_approval
declaration 147175,trip_started_without_permit_final_approval
declaration 147183,trip_started_without_permit_final_approval
declaration 147187,trip_started_without_permit_final_approval
declaration 147198,trip_started_without_permit_final_approval
declaration 147209,trip_started_without_permit_final_approval
declaration 147217,trip_started_without_permit_final_approval
declaration 147226,trip_started_without_permit_final_approval
declaration 147234,trip_started_without_permit_final_approval
declaration 147242,trip_started_without_permit_final_approval
declaration 147250,trip_started_without_permit_final_approval
declaration 14726,trip_started_without_permit_final_approval
declaration 147263,trip_started_without_permit_final_approval
declaration 147274,trip_started_without_permit_final_approval
declaration 147287,trip_started_without_permit_final_approval
declaration 147294,trip_started_without_permit_final_approval
declaration 147299,trip_started_without_permit_final_approval
declaration 147305,trip_started_without_permit_final_approval
declaration 147313,trip_started_without_permit_final_approval
declaration 147325,trip_started_without_permit_final_approval
declaration 147335,trip_started_without_permit_final_approval
declaration 147340,trip_started_without_permit_final_approval
declaration 147358,trip_started_without_permit_final_approval
declaration 147403,trip_started_without_permit_final_approval
declaration 147425,trip_started_without_permit_final_approval
declaration 147452,trip_started_without_permit_final_approval
declaration 147470,trip_started_without_permit_final_approval
declaration 147487,trip_started_without_permit_final_approval
declaration 147507,trip_started_without_permit_final_approval
declaration 147514,trip_started_without_permit_final_approval
declaration 14793,trip_started_without_permit_final_approval
declaration 1483,trip_started_without_permit_final_approval
declaration 14949,trip_started_without_permit_final_approval
declaration 15005,trip_started_without_permit_final_approval
declaration 15037,trip_started_without_permit_final_approval
declaration 15068,trip_started_without_permit_final_approval
declaration 15080,trip_started_without_permit_final_approval
declaration 15118,trip_started_without_permit_final_approval
declaration 15168,trip_started_without_permit_final_approval
declaration 15219,trip_started_without_permit_final_approval
declaration 15232,trip_started_without_permit_final_approval
declaration 15355,trip_started_without_permit_final_approval
declaration 15436,trip_started_without_permit_final_approval
declaration 15592,trip_started_without_permit_final_approval
declaration 15593,trip_started_without_permit_final_approval
declaration 15786,trip_started_without_permit_final_approval
declaration 15880,trip_started_without_permit_final_approval
declaration 15938,trip_started_without_permit_final_approval
declaration 15953,trip_started_without_permit_final_approval
declaration 15973,trip_started_without_permit_final_approval
declaration 15986,trip_started_without_permit_final_approval
declaration 16041,trip_started_without_permit_final_approval
declaration 16043,trip_started_without_permit_final_approval
declaration 16114,trip_started_without_permit_final_approval
declaration 16146,trip_started_without_permit_final_approval
declaration 16230,trip_started_without_permit_final_approval
declaration 1624,trip_started_without_permit_final_approval
declaration 16262,trip_started_without_permit_final_approval
declaration 16278,trip_started_without_permit_final_approval
declaration 16322,trip_started_without_permit_final_approval
declaration 16398,trip_started_without_permit_final_approval
declaration 16408,trip_started_without_permit_final_approval
declaration 16562,trip_started_without_permit_final_approval
declaration 16616,trip_started_without_permit_final_approval
declaration 16677,trip_started_without_permit_final_approval
declaration 16696,trip_started_without_permit_final_approval
declaration 16707,trip_started_without_permit_final_approval
declaration 1671,trip_started_without_permit_final_approval
declaration 16767,trip_started_without_permit_final_approval
declaration 16825,trip_started_without_permit_final_approval
declaration 16985,trip_started_without_permit_final_approval
declaration 17000,trip_started_without_permit_final_approval
declaration 17052,trip_started_without_permit_final_approval
declaration 17064,trip_started_without_permit_final_approval
declaration 17143,trip_started_without_permit_final_approval
declaration 17176,trip_started_without_permit_final_approval
declaration 17200,trip_started_without_permit_final_approval
declaration 1729,trip_started_without_permit_final_approval
declaration 17299,trip_started_without_permit_final_approval
declaration 1731,trip_started_without_permit_final_approval
declaration 17402,trip_started_without_permit_final_approval
declaration 17414,trip_started_without_permit_final_approval
declaration 17439,trip_started_without_permit_final_approval
declaration 17736,trip_started_without_permit_final_approval
declaration 17771,trip_started_without_permit_final_approval
declaration 17798,trip_started_without_permit_final_approval
declaration 17829,trip_started_without_permit_final_approval
declaration 17937,trip_started_without_permit_final_approval
declaration 18062,trip_started_without_permit_final_approval
declaration 18078,trip_started_without_permit_final_approval
declaration 18101,trip_started_without_permit_final_approval
declaration 18165,trip_started_without_permit_final_approval
declaration 1838,trip_started_without_permit_final_approval
declaration 18387,trip_started_without_permit_final_approval
declaration 1851,trip_started_without_permit_final_approval
declaration 18595,trip_started_without_permit_final_approval
declaration 18618,trip_started_without_permit_final_approval
declaration 1886,trip_started_without_permit_final_approval
declaration 18922,trip_started_without_permit_final_approval
declaration 18935,trip_started_without_permit_final_approval
declaration 18950,trip_started_without_permit_final_approval
declaration 19086,trip_started_without_permit_final_approval
declaration 19108,trip_started_without_permit_final_approval
declaration 19141,trip_started_without_permit_final_approval
declaration 19206,trip_started_without_permit_final_approval
declaration 19216,trip_started_without_permit_final_approval
declaration 19226,trip_started_without_permit_final_approval
declaration 1940,trip_started_without_permit_final_approval
declaration 1942,trip_started_without_permit_final_approval
declaration 19494,trip_started_without_permit_final_approval
declaration 19519,trip_started_without_permit_final_approval
declaration 19677,trip_started_without_permit_final_approval
declaration 1971,trip_started_without_permit_final_approval
declaration 19745,trip_started_without_permit_final_approval
declaration 19847,trip_started_without_permit_final_approval
declaration 19940,trip_started_without_permit_final_approval
declaration 19952,trip_started_without_permit_final_approval
declaration 19993,trip_started_without_permit_final_approval
declaration 20016,trip_started_without_permit_final_approval
declaration 20033,trip_started_without_permit_final_approval
declaration 20053,trip_started_without_permit_final_approval
declaration 2007,trip_started_without_permit_final_approval
declaration 20082,trip_started_without_permit_final_approval
declaration 20099,trip_started_without_permit_final_approval
declaration 20213,trip_started_without_permit_final_approval
declaration 2035,trip_started_without_permit_final_approval
declaration 2036,trip_started_without_permit_final_approval
declaration 20489,trip_started_without_permit_final_approval
declaration 20668,trip_started_without_permit_final_approval
declaration 20678,trip_started_without_permit_final_approval
declaration 20748,trip_started_without_permit_final_approval
declaration 20978,trip_started_without_permit_final_approval
declaration 21053,trip_started_without_permit_final_approval
declaration 21106,trip_started_without_permit_final_approval
declaration 21117,trip_started_without_permit_final_approval
declaration 21238,trip_started_without_permit_final_approval
declaration 21401,trip_started_without_permit_final_approval
declaration 21490,trip_started_without_permit_final_approval
declaration 21523,trip_started_without_permit_final_approval
declaration 21569,trip_started_without_permit_final_approval
declaration 21626,trip_started_without_permit_final_approval
declaration 21671,trip_started_without_permit_final_approval
declaration 21722,trip_started_without_permit_final_approval
declaration 21742,trip_started_without_permit_final_approval
declaration 21772,trip_started_without_permit_final_approval
declaration 21795,trip_started_without_permit_final_approval
declaration 21898,trip_started_without_permit_final_approval
declaration 21945,trip_started_without_permit_final_approval
declaration 22044,trip_started_without_permit_final_approval
declaration 22057,trip_started_without_permit_final_approval
declaration 22128,trip_started_without_permit_final_approval
declaration 22223,trip_started_without_permit_final_approval
declaration 22496,trip_started_without_permit_final_approval
declaration 22652,trip_started_without_permit_final_approval
declaration 2271,trip_started_without_permit_final_approval
declaration 22721,trip_started_without_permit_final_approval
declaration 22947,trip_started_without_permit_final_approval
declaration 23024,trip_started_without_permit_final_approval
declaration 23279,trip_started_without_permit_final_approval
declaration 23344,trip_started_without_permit_final_approval
declaration 23346,trip_started_without_permit_final_approval
declaration 23363,trip_started_without_permit_final_approval
declaration 23495,trip_started_without_permit_final_approval
declaration 23568,trip_started_without_permit_final_approval
declaration 23728,trip_started_without_permit_final_approval
declaration 23738,trip_started_without_permit_final_approval
declaration 23807,trip_started_without_permit_final_approval
declaration 23868,trip_started_without_permit_final_approval
declaration 23933,trip_started_without_permit_final_approval
declaration 23935,trip_started_without_permit_final_approval
declaration 23945,trip_started_without_permit_final_approval
declaration 23993,trip_started_without_permit_final_approval
declaration 2402,trip_started_without_permit_final_approval
declaration 24206,trip_started_without_permit_final_approval
declaration 2428,trip_started_without_permit_final_approval
declaration 24282,trip_started_without_permit_final_approval
declaration 24306,trip_started_without_permit_final_approval
declaration 24446,trip_started_without_permit_final_approval
declaration 24456,trip_started_without_permit_final_approval
declaration 24513,trip_started_without_permit_final_approval
declaration 24612,trip_started_without_permit_final_approval
declaration 2465,trip_started_without_permit_final_approval
declaration 24703,trip_started_without_permit_final_approval
declaration 24858,trip_started_without_permit_final_approval
declaration 24911,trip_started_without_permit_final_approval
declaration 24921,trip_started_without_permit_final_approval
declaration 24942,trip_started_without_permit_final_approval
declaration 25021,trip_started_without_permit_final_approval
declaration 25058,trip_started_without_permit_final_approval
declaration 25174,trip_started_without_permit_final_approval
declaration 25204,trip_started_without_permit_final_approval
declaration 25216,trip_started_without_permit_final_approval
declaration 25247,trip_started_without_permit_final_approval
declaration 25377,trip_started_without_permit_final_approval
declaration 25488,trip_started_without_permit_final_approval
declaration 25532,trip_started_without_permit_final_approval
declaration 25627,trip_started_without_permit_final_approval
declaration 25845,trip_started_without_permit_final_approval
declaration 2607,trip_started_without_permit_final_approval
declaration 26078,trip_started_without_permit_final_approval
declaration 26117,trip_started_without_permit_final_approval
declaration 26219,trip_started_without_permit_final_approval
declaration 26290,trip_started_without_permit_final_approval
declaration 26325,trip_started_without_permit_final_approval
declaration 26368,trip_started_without_permit_final_approval
declaration 26403,trip_started_without_permit_final_approval
declaration 26413,trip_started_without_permit_final_approval
declaration 26459,trip_started_without_permit_final_approval
declaration 26516,trip_started_without_permit_final_approval
declaration 26527,trip_started_without_permit_final_approval
declaration 26567,trip_started_without_permit_final_approval
declaration 26604,trip_started_without_permit_final_approval
declaration 26656,trip_started_without_permit_final_approval
declaration 26699,trip_started_without_permit_final_approval
declaration 26818,trip_started_without_permit_final_approval
declaration 27027,trip_started_without_permit_final_approval
declaration 27113,trip_started_without_permit_final_approval
declaration 27185,trip_started_without_permit_final_approval
declaration 27218,trip_started_without_permit_final_approval
declaration 27285,trip_started_without_permit_final_approval
declaration 27301,trip_started_without_permit_final_approval
declaration 27327,trip_started_without_permit_final_approval
declaration 27389,trip_started_without_permit_final_approval
declaration 27391,trip_started_without_permit_final_approval
declaration 27535,trip_started_without_permit_final_approval
declaration 27567,trip_started_without_permit_final_approval
declaration 27753,trip_started_without_permit_final_approval
declaration 27785,trip_started_without_permit_final_approval
declaration 27921,trip_started_without_permit_final_approval
declaration 27992,trip_started_without_permit_final_approval
declaration 28030,trip_started_without_permit_final_approval
declaration 28464,trip_started_without_permit_final_approval
declaration 28522,trip_started_without_permit_final_approval
declaration 28569,trip_started_without_permit_final_approval
declaration 28845,trip_started_without_permit_final_approval
declaration 28886,trip_started_without_permit_final_approval
declaration 2896,trip_started_without_permit_final_approval
declaration 28965,trip_started_without_permit_final_approval
declaration 29050,trip_started_without_permit_final_approval
declaration 29068,trip_started_without_permit_final_approval
declaration 29107,trip_started_without_permit_final_approval
declaration 29121,trip_started_without_permit_final_approval
declaration 29164,trip_started_without_permit_final_approval
declaration 29214,trip_started_without_permit_final_approval
declaration 29226,trip_started_without_permit_final_approval
declaration 29455,trip_started_without_permit_final_approval
declaration 29472,trip_started_without_permit_final_approval
declaration 2952,trip_started_without_permit_final_approval
declaration 29528,trip_started_without_permit_final_approval
declaration 29562,trip_started_without_permit_final_approval
declaration 29582,trip_started_without_permit_final_approval
declaration 29609,trip_started_without_permit_final_approval
declaration 29797,trip_started_without_permit_final_approval
declaration 29830,trip_started_without_permit_final_approval
declaration 29984,trip_started_without_permit_final_approval
declaration 30102,trip_started_without_permit_final_approval
declaration 30173,trip_started_without_permit_final_approval
declaration 30193,trip_started_without_permit_final_approval
declaration 30231,trip_started_without_permit_final_approval
declaration 3030,trip_started_without_permit_final_approval
declaration 30613,trip_started_without_permit_final_approval
declaration 30625,trip_started_without_permit_final_approval
declaration 3063,trip_started_without_permit_final_approval
declaration 30677,trip_started_without_permit_final_approval
declaration 30773,trip_started_without_permit_final_approval
declaration 31285,trip_started_without_permit_final_approval
declaration 31313,trip_started_without_permit_final_approval
declaration 31336,trip_started_without_permit_final_approval
declaration 31469,trip_started_without_permit_final_approval
declaration 31495,trip_started_without_permit_final_approval
declaration 3154,trip_started_without_permit_final_approval
declaration 31542,trip_started_without_permit_final_approval
declaration 3156,trip_started_without_permit_final_approval
declaration 31709,trip_started_without_permit_final_approval
declaration 31732,trip_started_without_permit_final_approval
declaration 31756,trip_started_without_permit_final_approval
declaration 31775,trip_started_without_permit_final_approval
declaration 31796,trip_started_without_permit_final_approval
declaration 32016,trip_started_without_permit_final_approval
declaration 32148,trip_started_without_permit_final_approval
declaration 32579,trip_started_without_permit_final_approval
declaration 32581,trip_started_without_permit_final_approval
declaration 32583,trip_started_without_permit_final_approval
declaration 32585,trip_started_without_permit_final_approval
declaration 32587,trip_started_without_permit_final_approval
declaration 32589,trip_started_without_permit_final_approval
declaration 32591,trip_started_without_permit_final_approval
declaration 32593,trip_started_without_permit_final_approval
declaration 32595,trip_started_without_permit_final_approval
declaration 32597,trip_started_without_permit_final_approval
declaration 32640,trip_started_without_permit_final_approval
declaration 32779,trip_started_without_permit_final_approval
declaration 32970,trip_started_without_permit_final_approval
declaration 33049,trip_started_without_permit_final_approval
declaration 33059,trip_started_without_permit_final_approval
declaration 33104,trip_started_without_permit_final_approval
declaration 33106,trip_started_without_permit_final_approval
declaration 33122,trip_started_without_permit_final_approval
declaration 33160,trip_started_without_permit_final_approval
declaration 33177,trip_started_without_permit_final_approval
declaration 33179,trip_started_without_permit_final_approval
declaration 33244,trip_started_without_permit_final_approval
declaration 33309,trip_started_without_permit_final_approval
declaration 33512,trip_started_without_permit_final_approval
declaration 33523,trip_started_without_permit_final_approval
declaration 3353,trip_started_without_permit_final_approval
declaration 33592,trip_started_without_permit_final_approval
declaration 33604,trip_started_without_permit_final_approval
declaration 33614,trip_started_without_permit_final_approval
declaration 33715,trip_started_without_permit_final_approval
declaration 33726,trip_started_without_permit_final_approval
declaration 33795,trip_started_without_permit_final_approval
declaration 33818,trip_started_without_permit_final_approval
declaration 33881,trip_started_without_permit_final_approval
declaration 33991,trip_started_without_permit_final_approval
declaration 34007,trip_started_without_permit_final_approval
declaration 34152,trip_started_without_permit_final_approval
declaration 34197,trip_started_without_permit_final_approval
declaration 34209,trip_started_without_permit_final_approval
declaration 34254,trip_started_without_permit_final_approval
declaration 34294,trip_started_without_permit_final_approval
declaration 34320,trip_started_without_permit_final_approval
declaration 34343,trip_started_without_permit_final_approval
declaration 34397,trip_started_without_permit_final_approval
declaration 34451,trip_started_without_permit_final_approval
declaration 34486,trip_started_without_permit_final_approval
declaration 34507,trip_started_without_permit_final_approval
declaration 34573,trip_started_without_permit_final_approval
declaration 34643,trip_started_without_permit_final_approval
declaration 34709,trip_started_without_permit_final_approval
declaration 35168,trip_started_without_permit_final_approval
declaration 35188,trip_started_without_permit_final_approval
declaration 35198,trip_started_without_permit_final_approval
declaration 35252,trip_started_without_permit_final_approval
declaration 35266,trip_started_without_permit_final_approval
declaration 35293,trip_started_without_permit_final_approval
declaration 35367,trip_started_without_permit_final_approval
declaration 35432,trip_started_without_permit_final_approval
declaration 35480,trip_started_without_permit_final_approval
declaration 35539,trip_started_without_permit_final_approval
declaration 35583,trip_started_without_permit_final_approval
declaration 35623,trip_started_without_permit_final_approval
declaration 35830,trip_started_without_permit_final_approval
declaration 35905,trip_started_without_permit_final_approval
declaration 36095,trip_started_without_permit_final_approval
declaration 36169,trip_started_without_permit_final_approval
declaration 36315,trip_started_without_permit_final_approval
declaration 36383,trip_started_without_permit_final_approval
declaration 36451,trip_started_without_permit_final_approval
declaration 36464,trip_started_without_permit_final_approval
declaration 36479,trip_started_without_permit_final_approval
declaration 36750,trip_started_without_permit_final_approval
declaration 36859,trip_started_without_permit_final_approval
declaration 36952,trip_started_without_permit_final_approval
declaration 37161,trip_started_without_permit_final_approval
declaration 37212,trip_started_without_permit_final_approval
declaration 37343,trip_started_without_permit_final_approval
declaration 37393,trip_started_without_permit_final_approval
declaration 37663,trip_started_without_permit_final_approval
declaration 37665,trip_started_without_permit_final_approval
declaration 37765,trip_started_without_permit_final_approval
declaration 37831,trip_started_without_permit_final_approval
declaration 37887,trip_started_without_permit_final_approval
declaration 38130,trip_started_without_permit_final_approval
declaration 38286,trip_started_without_permit_final_approval
declaration 38314,trip_started_without_permit_final_approval
declaration 38329,trip_started_without_permit_final_approval
declaration 3834,trip_started_without_permit_final_approval
declaration 38415,trip_started_without_permit_final_approval
declaration 3845,trip_started_without_permit_final_approval
declaration 3855,trip_started_without_permit_final_approval
declaration 38683,trip_started_without_permit_final_approval
declaration 38794,trip_started_without_permit_final_approval
declaration 39120,trip_started_without_permit_final_approval
declaration 39153,trip_started_without_permit_final_approval
declaration 39512,trip_started_without_permit_final_approval
declaration 39541,trip_started_without_permit_final_approval
declaration 39553,trip_started_without_permit_final_approval
declaration 39736,trip_started_without_permit_final_approval
declaration 3997,trip_started_without_permit_final_approval
declaration 40030,trip_started_without_permit_final_approval
declaration 40271,trip_started_without_permit_final_approval
declaration 40287,trip_started_without_permit_final_approval
declaration 40370,trip_started_without_permit_final_approval
declaration 40430,trip_started_without_permit_final_approval
declaration 40474,trip_started_without_permit_final_approval
declaration 4052,trip_started_without_permit_final_approval
declaration 40780,trip_started_without_permit_final_approval
declaration 40863,trip_started_without_permit_final_approval
declaration 4088,trip_started_without_permit_final_approval
declaration 40963,trip_started_without_permit_final_approval
declaration 40965,trip_started_without_permit_final_approval
declaration 40966,trip_started_without_permit_final_approval
declaration 41108,trip_started_without_permit_final_approval
declaration 41412,trip_started_without_permit_final_approval
declaration 41456,trip_started_without_permit_final_approval
declaration 41600,trip_started_without_permit_final_approval
declaration 41706,trip_started_without_permit_final_approval
declaration 4171,trip_started_without_permit_final_approval
declaration 41744,trip_started_without_permit_final_approval
declaration 41874,trip_started_without_permit_final_approval
declaration 42176,trip_started_without_permit_final_approval
declaration 42201,trip_started_without_permit_final_approval
declaration 42401,trip_started_without_permit_final_approval
declaration 4247,trip_started_without_permit_final_approval
declaration 42651,trip_started_without_permit_final_approval
declaration 42737,trip_started_without_permit_final_approval
declaration 42864,trip_started_without_permit_final_approval
declaration 43091,trip_started_without_permit_final_approval
declaration 43179,trip_started_without_permit_final_approval
declaration 43745,trip_started_without_permit_final_approval
declaration 43903,trip_started_without_permit_final_approval
declaration 43932,trip_started_without_permit_final_approval
declaration 43947,trip_started_without_permit_final_approval
declaration 44032,trip_started_without_permit_final_approval
declaration 44259,trip_started_without_permit_final_approval
declaration 44330,trip_started_without_permit_final_approval
declaration 4434,trip_started_without_permit_final_approval
declaration 44340,trip_started_without_permit_final_approval
declaration 44342,trip_started_without_permit_final_approval
declaration 44359,trip_started_without_permit_final_approval
declaration 44377,trip_started_without_permit_final_approval
declaration 44452,trip_started_without_permit_final_approval
declaration 4446,trip_started_without_permit_final_approval
declaration 44474,trip_started_without_permit_final_approval
declaration 44692,trip_started_without_permit_final_approval
declaration 44705,trip_started_without_permit_final_approval
declaration 44706,trip_started_without_permit_final_approval
declaration 44750,trip_started_without_permit_final_approval
declaration 44790,trip_started_without_permit_final_approval
declaration 44802,trip_started_without_permit_final_approval
declaration 44934,trip_started_without_permit_final_approval
declaration 44979,trip_started_without_permit_final_approval
declaration 45001,trip_started_without_permit_final_approval
declaration 45091,trip_started_without_permit_final_approval
declaration 45113,trip_started_without_permit_final_approval
declaration 45149,trip_started_without_permit_final_approval
declaration 45151,trip_started_without_permit_final_approval
declaration 45152,trip_started_without_permit_final_approval
declaration 45154,trip_started_without_permit_final_approval
declaration 45156,trip_started_without_permit_final_approval
declaration 45333,trip_started_without_permit_final_approval
declaration 45383,trip_started_without_permit_final_approval
declaration 45397,trip_started_without_permit_final_approval
declaration 45421,trip_started_without_permit_final_approval
declaration 4546,trip_started_without_permit_final_approval
declaration 4548,trip_started_without_permit_final_approval
declaration 4550,trip_started_without_permit_final_approval
declaration 45550,trip_started_without_permit_final_approval
declaration 45572,trip_started_without_permit_final_approval
declaration 45574,trip_started_without_permit_final_approval
declaration 45576,trip_started_without_permit_final_approval
declaration 45578,trip_started_without_permit_final_approval
declaration 45620,trip_started_without_permit_final_approval
declaration 45622,trip_started_without_permit_final_approval
declaration 45624,trip_started_without_permit_final_approval
declaration 45626,trip_started_without_permit_final_approval
declaration 45628,trip_started_without_permit_final_approval
declaration 45630,trip_started_without_permit_final_approval
declaration 45631,trip_started_without_permit_final_approval
declaration 45633,trip_started_without_permit_final_approval
declaration 45635,trip_started_without_permit_final_approval
declaration 45637,trip_started_without_permit_final_approval
declaration 45863,trip_started_without_permit_final_approval
declaration 4587,trip_started_without_permit_final_approval
declaration 45873,trip_started_without_permit_final_approval
declaration 4589,trip_started_without_permit_final_approval
declaration 45910,trip_started_without_permit_final_approval
declaration 46006,trip_started_without_permit_final_approval
declaration 46107,trip_started_without_permit_final_approval
declaration 46109,trip_started_without_permit_final_approval
declaration 46127,trip_started_without_permit_final_approval
declaration 46413,trip_started_without_permit_final_approval
declaration 46552,trip_started_without_permit_final_approval
declaration 46567,trip_started_without_permit_final_approval
declaration 46589,trip_started_without_permit_final_approval
declaration 4666,trip_started_without_permit_final_approval
declaration 46731,trip_started_without_permit_final_approval
declaration 46733,trip_started_without_permit_final_approval
declaration 46831,trip_started_without_permit_final_approval
declaration 47063,trip_started_without_permit_final_approval
declaration 47106,trip_started_without_permit_final_approval
declaration 47161,trip_started_without_permit_final_approval
declaration 47310,trip_started_without_permit_final_approval
declaration 4734,trip_started_without_permit_final_approval
declaration 47375,trip_started_without_permit_final_approval
declaration 47397,trip_started_without_permit_final_approval
declaration 47595,trip_started_without_permit_final_approval
declaration 47612,trip_started_without_permit_final_approval
declaration 47622,trip_started_without_permit_final_approval
declaration 47850,trip_started_without_permit_final_approval
declaration 47867,trip_started_without_permit_final_approval
declaration 47934,trip_started_without_permit_final_approval
declaration 48003,trip_started_without_permit_final_approval
declaration 48084,trip_started_without_permit_final_approval
declaration 48227,trip_started_without_permit_final_approval
declaration 48286,trip_started_without_permit_final_approval
declaration 48296,trip_started_without_permit_final_approval
declaration 48325,trip_started_without_permit_final_approval
declaration 48378,trip_started_without_permit_final_approval
declaration 48393,trip_started_without_permit_final_approval
declaration 48446,trip_started_without_permit_final_approval
declaration 48484,trip_started_without_permit_final_approval
declaration 48606,trip_started_without_permit_final_approval
declaration 48644,trip_started_without_permit_final_approval
declaration 48656,trip_started_without_permit_final_approval
declaration 48704,trip_started_without_permit_final_approval
declaration 4871,trip_started_without_permit_final_approval
declaration 48750,trip_started_without_permit_final_approval
declaration 48938,trip_started_without_permit_final_approval
declaration 4896,trip_started_without_permit_final_approval
declaration 49011,trip_started_without_permit_final_approval
declaration 49058,trip_started_without_permit_final_approval
declaration 49068,trip_started_without_permit_final_approval
declaration 49119,trip_started_without_permit_final_approval
declaration 49190,trip_started_without_permit_final_approval
declaration 49326,trip_started_without_permit_final_approval
declaration 49429,trip_started_without_permit_final_approval
declaration 49464,trip_started_without_permit_final_approval
declaration 49522,trip_started_without_permit_final_approval
declaration 49543,trip_started_without_permit_final_approval
declaration 49583,trip_started_without_permit_final_approval
declaration 49599,trip_started_without_permit_final_approval
declaration 49617,trip_started_without_permit_final_approval
declaration 49783,trip_started_without_permit_final_approval
declaration 49879,trip_started_without_permit_final_approval
declaration 50008,trip_started_without_permit_final_approval
declaration 5008,trip_started_without_permit_final_approval
declaration 50110,trip_started_without_permit_final_approval
declaration 5024,trip_started_without_permit_final_approval
declaration 50252,trip_started_without_permit_final_approval
declaration 50262,trip_started_without_permit_final_approval
declaration 50287,trip_started_without_permit_final_approval
declaration 50289,trip_started_without_permit_final_approval
declaration 5034,trip_started_without_permit_final_approval
declaration 50351,trip_started_without_permit_final_approval
declaration 50363,trip_started_without_permit_final_approval
declaration 50378,trip_started_without_permit_final_approval
declaration 50388,trip_started_without_permit_final_approval
declaration 50542,trip_started_without_permit_final_approval
declaration 50684,trip_started_without_permit_final_approval
declaration 50730,trip_started_without_permit_final_approval
declaration 50816,trip_started_without_permit_final_approval
declaration 50874,trip_started_without_permit_final_approval
declaration 50898,trip_started_without_permit_final_approval
declaration 50941,trip_started_without_permit_final_approval
declaration 51021,trip_started_without_permit_final_approval
declaration 51031,trip_started_without_permit_final_approval
declaration 51131,trip_started_without_permit_final_approval
declaration 51144,trip_started_without_permit_final_approval
declaration 51227,trip_started_without_permit_final_approval
declaration 51270,trip_started_without_permit_final_approval
declaration 51320,trip_started_without_permit_final_approval
declaration 51342,trip_started_without_permit_final_approval
declaration 51368,trip_started_without_permit_final_approval
declaration 51409,trip_started_without_permit_final_approval
declaration 51490,trip_started_without_permit_final_approval
declaration 51612,trip_started_without_permit_final_approval
declaration 51648,trip_started_without_permit_final_approval
declaration 5174,trip_started_without_permit_final_approval
declaration 51780,trip_started_without_permit_final_approval
declaration 51804,trip_started_without_permit_final_approval
declaration 51854,trip_started_without_permit_final_approval
declaration 51971,trip_started_without_permit_final_approval
declaration 51999,trip_started_without_permit_final_approval
declaration 52112,trip_started_without_permit_final_approval
declaration 52137,trip_started_without_permit_final_approval
declaration 52152,trip_started_without_permit_final_approval
declaration 52167,trip_started_without_permit_final_approval
declaration 52184,trip_started_without_permit_final_approval
declaration 52207,trip_started_without_permit_final_approval
declaration 5224,trip_started_without_permit_final_approval
declaration 52262,trip_started_without_permit_final_approval
declaration 52291,trip_started_without_permit_final_approval
declaration 52293,trip_started_without_permit_final_approval
declaration 52370,trip_started_without_permit_final_approval
declaration 52418,trip_started_without_permit_final_approval
declaration 52482,trip_started_without_permit_final_approval
declaration 52597,trip_started_without_permit_final_approval
declaration 52629,trip_started_without_permit_final_approval
declaration 52686,trip_started_without_permit_final_approval
declaration 5270,trip_started_without_permit_final_approval
declaration 52749,trip_started_without_permit_final_approval
declaration 52791,trip_started_without_permit_final_approval
declaration 5280,trip_started_without_permit_final_approval
declaration 52803,trip_started_without_permit_final_approval
declaration 5282,trip_started_without_permit_final_approval
declaration 52821,trip_started_without_permit_final_approval
declaration 52841,trip_started_without_permit_final_approval
declaration 52959,trip_started_without_permit_final_approval
declaration 52970,trip_started_without_permit_final_approval
declaration 5306,trip_started_without_permit_final_approval
declaration 53155,trip_started_without_permit_final_approval
declaration 53184,trip_started_without_permit_final_approval
declaration 53196,trip_started_without_permit_final_approval
declaration 53346,trip_started_without_permit_final_approval
declaration 53348,trip_started_without_permit_final_approval
declaration 53350,trip_started_without_permit_final_approval
declaration 53352,trip_started_without_permit_final_approval
declaration 53354,trip_started_without_permit_final_approval
declaration 53356,trip_started_without_permit_final_approval
declaration 53358,trip_started_without_permit_final_approval
declaration 53360,trip_started_without_permit_final_approval
declaration 53362,trip_started_without_permit_final_approval
declaration 53364,trip_started_without_permit_final_approval
declaration 53366,trip_started_without_permit_final_approval
declaration 53368,trip_started_without_permit_final_approval
declaration 53370,trip_started_without_permit_final_approval
declaration 53372,trip_started_without_permit_final_approval
declaration 53438,trip_started_without_permit_final_approval
declaration 53465,trip_started_without_permit_final_approval
declaration 53503,trip_started_without_permit_final_approval
declaration 53533,trip_started_without_permit_final_approval
declaration 53567,trip_started_without_permit_final_approval
declaration 53605,trip_started_without_permit_final_approval
declaration 53625,trip_started_without_permit_final_approval
declaration 53649,trip_started_without_permit_final_approval
declaration 54089,trip_started_without_permit_final_approval
declaration 54227,trip_started_without_permit_final_approval
declaration 54257,trip_started_without_permit_final_approval
declaration 54284,trip_started_without_permit_final_approval
declaration 54465,trip_started_without_permit_final_approval
declaration 5447,trip_started_without_permit_final_approval
declaration 54636,trip_started_without_permit_final_approval
declaration 54767,trip_started_without_permit_final_approval
declaration 55024,trip_started_without_permit_final_approval
declaration 55050,trip_started_without_permit_final_approval
declaration 55106,trip_started_without_permit_final_approval
declaration 55182,trip_started_without_permit_final_approval
declaration 55237,trip_started_without_permit_final_approval
declaration 5538,trip_started_without_permit_final_approval
declaration 55545,trip_started_without_permit_final_approval
declaration 55569,trip_started_without_permit_final_approval
declaration 55646,trip_started_without_permit_final_approval
declaration 55658,trip_started_without_permit_final_approval
declaration 55704,trip_started_without_permit_final_approval
declaration 55724,trip_started_without_permit_final_approval
declaration 55761,trip_started_without_permit_final_approval
declaration 55796,trip_started_without_permit_final_approval
declaration 55836,trip_started_without_permit_final_approval
declaration 56057,trip_started_without_permit_final_approval
declaration 56072,trip_started_without_permit_final_approval
declaration 56278,trip_started_without_permit_final_approval
declaration 56344,trip_started_without_permit_final_approval
declaration 56364,trip_started_without_permit_final_approval
declaration 56427,trip_started_without_permit_final_approval
declaration 56590,trip_started_without_permit_final_approval
declaration 56602,trip_started_without_permit_final_approval
declaration 56619,trip_started_without_permit_final_approval
declaration 56716,trip_started_without_permit_final_approval
declaration 56885,trip_started_without_permit_final_approval
declaration 56895,trip_started_without_permit_final_approval
declaration 56929,trip_started_without_permit_final_approval
declaration 56941,trip_started_without_permit_final_approval
declaration 56980,trip_started_without_permit_final_approval
declaration 57042,trip_started_without_permit_final_approval
declaration 57080,trip_started_without_permit_final_approval
declaration 57118,trip_started_without_permit_final_approval
declaration 5712,trip_started_without_permit_final_approval
declaration 57435,trip_started_without_permit_final_approval
declaration 57445,trip_started_without_permit_final_approval
declaration 57468,trip_started_without_permit_final_approval
declaration 57549,trip_started_without_permit_final_approval
declaration 57667,trip_started_without_permit_final_approval
declaration 5788,trip_started_without_permit_final_approval
declaration 57893,trip_started_without_permit_final_approval
declaration 57930,trip_started_without_permit_final_approval
declaration 5798,trip_started_without_permit_final_approval
declaration 58026,trip_started_without_permit_final_approval
declaration 5819,trip_started_without_permit_final_approval
declaration 5821,trip_started_without_permit_final_approval
declaration 58319,trip_started_without_permit_final_approval
declaration 58351,trip_started_without_permit_final_approval
declaration 58361,trip_started_without_permit_final_approval
declaration 58408,trip_started_without_permit_final_approval
declaration 58433,trip_started_without_permit_final_approval
declaration 58448,trip_started_without_permit_final_approval
declaration 58749,trip_started_without_permit_final_approval
declaration 58787,trip_started_without_permit_final_approval
declaration 58845,trip_started_without_permit_final_approval
declaration 58855,trip_started_without_permit_final_approval
declaration 58857,trip_started_without_permit_final_approval
declaration 58859,trip_started_without_permit_final_approval
declaration 58884,trip_started_without_permit_final_approval
declaration 58926,trip_started_without_permit_final_approval
declaration 58936,trip_started_without_permit_final_approval
declaration 59020,trip_started_without_permit_final_approval
declaration 59149,trip_started_without_permit_final_approval
declaration 59339,trip_started_without_permit_final_approval
declaration 59378,trip_started_without_permit_final_approval
declaration 59445,trip_started_without_permit_final_approval
declaration 59486,trip_started_without_permit_final_approval
declaration 5952,trip_started_without_permit_final_approval
declaration 59596,trip_started_without_permit_final_approval
declaration 5963,trip_started_without_permit_final_approval
declaration 59678,trip_started_without_permit_final_approval
declaration 59703,trip_started_without_permit_final_approval
declaration 59852,trip_started_without_permit_final_approval
declaration 59944,trip_started_without_permit_final_approval
declaration 60031,trip_started_without_permit_final_approval
declaration 60204,trip_started_without_permit_final_approval
declaration 6027,trip_started_without_permit_final_approval
declaration 60276,trip_started_without_permit_final_approval
declaration 60383,trip_started_without_permit_final_approval
declaration 60483,trip_started_without_permit_final_approval
declaration 60536,trip_started_without_permit_final_approval
declaration 60554,trip_started_without_permit_final_approval
declaration 60567,trip_started_without_permit_final_approval
declaration 6057,trip_started_without_permit_final_approval
declaration 60609,trip_started_without_permit_final_approval
declaration 60629,trip_started_without_permit_final_approval
declaration 60662,trip_started_without_permit_final_approval
declaration 60767,trip_started_without_permit_final_approval
declaration 60787,trip_started_without_permit_final_approval
declaration 60824,trip_started_without_permit_final_approval
declaration 60836,trip_started_without_permit_final_approval
declaration 60913,trip_started_without_permit_final_approval
declaration 60964,trip_started_without_permit_final_approval
declaration 6098,trip_started_without_permit_final_approval
declaration 61172,trip_started_without_permit_final_approval
declaration 61184,trip_started_without_permit_final_approval
declaration 61200,trip_started_without_permit_final_approval
declaration 61213,trip_started_without_permit_final_approval
declaration 61225,trip_started_without_permit_final_approval
declaration 61250,trip_started_without_permit_final_approval
declaration 61260,trip_started_without_permit_final_approval
declaration 61275,trip_started_without_permit_final_approval
declaration 61353,trip_started_without_permit_final_approval
declaration 61380,trip_started_without_permit_final_approval
declaration 61473,trip_started_without_permit_final_approval
declaration 61483,trip_started_without_permit_final_approval
declaration 61551,trip_started_without_permit_final_approval
declaration 61583,trip_started_without_permit_final_approval
declaration 61639,trip_started_without_permit_final_approval
declaration 61670,trip_started_without_permit_final_approval
declaration 61681,trip_started_without_permit_final_approval
declaration 61860,trip_started_without_permit_final_approval
declaration 61910,trip_started_without_permit_final_approval
declaration 62041,trip_started_without_permit_final_approval
declaration 62043,trip_started_without_permit_final_approval
declaration 62421,trip_started_without_permit_final_approval
declaration 62499,trip_started_without_permit_final_approval
declaration 62541,trip_started_without_permit_final_approval
declaration 62647,trip_started_without_permit_final_approval
declaration 62657,trip_started_without_permit_final_approval
declaration 62806,trip_started_without_permit_final_approval
declaration 63016,trip_started_without_permit_final_approval
declaration 63029,trip_started_without_permit_final_approval
declaration 63039,trip_started_without_permit_final_approval
declaration 63066,trip_started_without_permit_final_approval
declaration 63081,trip_started_without_permit_final_approval
declaration 63325,trip_started_without_permit_final_approval
declaration 63455,trip_started_without_permit_final_approval
declaration 63592,trip_started_without_permit_final_approval
declaration 63607,trip_started_without_permit_final_approval
declaration 637,trip_started_without_permit_final_approval
declaration 63785,trip_started_without_permit_final_approval
declaration 63834,trip_started_without_permit_final_approval
declaration 63846,trip_started_without_permit_final_approval
declaration 63895,trip_started_without_permit_final_approval
declaration 6395,trip_started_without_permit_final_approval
declaration 63975,trip_started_without_permit_final_approval
declaration 63991,trip_started_without_permit_final_approval
declaration 64026,trip_started_without_permit_final_approval
declaration 64036,trip_started_without_permit_final_approval
declaration 64097,trip_started_without_permit_final_approval
declaration 64099,trip_started_without_permit_final_approval
declaration 64101,trip_started_without_permit_final_approval
declaration 64103,trip_started_without_permit_final_approval
declaration 64105,trip_started_without_permit_final_approval
declaration 64143,trip_started_without_permit_final_approval
declaration 64234,trip_started_without_permit_final_approval
declaration 64236,trip_started_without_permit_final_approval
declaration 64238,trip_started_without_permit_final_approval
declaration 64240,trip_started_without_permit_final_approval
declaration 64242,trip_started_without_permit_final_approval
declaration 64244,trip_started_without_permit_final_approval
declaration 64246,trip_started_without_permit_final_approval
declaration 64414,trip_started_without_permit_final_approval
declaration 64424,trip_started_without_permit_final_approval
declaration 64507,trip_started_without_permit_final_approval
declaration 64547,trip_started_without_permit_final_approval
declaration 64625,trip_started_without_permit_final_approval
declaration 64719,trip_started_without_permit_final_approval
declaration 64881,trip_started_without_permit_final_approval
declaration 649,trip_started_without_permit_final_approval
declaration 65252,trip_started_without_permit_final_approval
declaration 65337,trip_started_without_permit_final_approval
declaration 65471,trip_started_without_permit_final_approval
declaration 65497,trip_started_without_permit_final_approval
declaration 65529,trip_started_without_permit_final_approval
declaration 65655,trip_started_without_permit_final_approval
declaration 65739,trip_started_without_permit_final_approval
declaration 65759,trip_started_without_permit_final_approval
declaration 65785,trip_started_without_permit_final_approval
declaration 65989,trip_started_without_permit_final_approval
declaration 66056,trip_started_without_permit_final_approval
declaration 66111,trip_started_without_permit_final_approval
declaration 66155,trip_started_without_permit_final_approval
declaration 66217,trip_started_without_permit_final_approval
declaration 66284,trip_started_without_permit_final_approval
declaration 66314,trip_started_without_permit_final_approval
declaration 66343,trip_started_without_permit_final_approval
declaration 66355,trip_started_without_permit_final_approval
declaration 66575,trip_started_without_permit_final_approval
declaration 66587,trip_started_without_permit_final_approval
declaration 66597,trip_started_without_permit_final_approval
declaration 66599,trip_started_without_permit_final_approval
declaration 66601,trip_started_without_permit_final_approval
declaration 66603,trip_started_without_permit_final_approval
declaration 66605,trip_started_without_permit_final_approval
declaration 66607,trip_started_without_permit_final_approval
declaration 6672,trip_started_without_permit_final_approval
declaration 66748,trip_started_without_permit_final_approval
declaration 6683,trip_started_without_permit_final_approval
declaration 66871,trip_started_without_permit_final_approval
declaration 67002,trip_started_without_permit_final_approval
declaration 67003,trip_started_without_permit_final_approval
declaration 6723,trip_started_without_permit_final_approval
declaration 67238,trip_started_without_permit_final_approval
declaration 67365,trip_started_without_permit_final_approval
declaration 67531,trip_started_without_permit_final_approval
declaration 67636,trip_started_without_permit_final_approval
declaration 67646,trip_started_without_permit_final_approval
declaration 67654,trip_started_without_permit_final_approval
declaration 67779,trip_started_without_permit_final_approval
declaration 67992,trip_started_without_permit_final_approval
declaration 67993,trip_started_without_permit_final_approval
declaration 68091,trip_started_without_permit_final_approval
declaration 68223,trip_started_without_permit_final_approval
declaration 68251,trip_started_without_permit_final_approval
declaration 68485,trip_started_without_permit_final_approval
declaration 686,trip_started_without_permit_final_approval
declaration 68689,trip_started_without_permit_final_approval
declaration 68793,trip_started_without_permit_final_approval
declaration 68830,trip_started_without_permit_final_approval
declaration 68914,trip_started_without_permit_final_approval
declaration 68974,trip_started_without_permit_final_approval
declaration 69152,trip_started_without_permit_final_approval
declaration 6920,trip_started_without_permit_final_approval
declaration 69348,trip_started_without_permit_final_approval
declaration 69401,trip_started_without_permit_final_approval
declaration 69432,trip_started_without_permit_final_approval
declaration 69486,trip_started_without_permit_final_approval
declaration 69584,trip_started_without_permit_final_approval
declaration 69862,trip_started_without_permit_final_approval
declaration 6997,trip_started_without_permit_final_approval
declaration 70063,trip_started_without_permit_final_approval
declaration 70172,trip_started_without_permit_final_approval
declaration 70184,trip_started_without_permit_final_approval
declaration 7022,trip_started_without_permit_final_approval
declaration 70315,trip_started_without_permit_final_approval
declaration 70330,trip_started_without_permit_final_approval
declaration 70332,trip_started_without_permit_final_approval
declaration 70395,trip_started_without_permit_final_approval
declaration 70872,trip_started_without_permit_final_approval
declaration 70905,trip_started_without_permit_final_approval
declaration 70923,trip_started_without_permit_final_approval
declaration 70950,trip_started_without_permit_final_approval
declaration 7100,trip_started_without_permit_final_approval
declaration 71001,trip_started_without_permit_final_approval
declaration 71099,trip_started_without_permit_final_approval
declaration 71338,trip_started_without_permit_final_approval
declaration 71377,trip_started_without_permit_final_approval
declaration 71387,trip_started_without_permit_final_approval
declaration 71412,trip_started_without_permit_final_approval
declaration 71539,trip_started_without_permit_final_approval
declaration 71660,trip_started_without_permit_final_approval
declaration 71678,trip_started_without_permit_final_approval
declaration 71695,trip_started_without_permit_final_approval
declaration 71834,trip_started_without_permit_final_approval
declaration 71875,trip_started_without_permit_final_approval
declaration 7213,trip_started_without_permit_final_approval
declaration 7226,trip_started_without_permit_final_approval
declaration 72341,trip_started_without_permit_final_approval
declaration 72372,trip_started_without_permit_final_approval
declaration 72545,trip_started_without_permit_final_approval
declaration 72590,trip_started_without_permit_final_approval
declaration 72631,trip_started_without_permit_final_approval
declaration 72688,trip_started_without_permit_final_approval
declaration 73010,trip_started_without_permit_final_approval
declaration 73012,trip_started_without_permit_final_approval
declaration 73051,trip_started_without_permit_final_approval
declaration 73127,trip_started_without_permit_final_approval
declaration 73170,trip_started_without_permit_final_approval
declaration 7320,trip_started_without_permit_final_approval
declaration 73279,trip_started_without_permit_final_approval
declaration 73564,trip_started_without_permit_final_approval
declaration 73566,trip_started_without_permit_final_approval
declaration 73568,trip_started_without_permit_final_approval
declaration 73570,trip_started_without_permit_final_approval
declaration 73572,trip_started_without_permit_final_approval
declaration 73574,trip_started_without_permit_final_approval
declaration 73576,trip_started_without_permit_final_approval
declaration 73578,trip_started_without_permit_final_approval
declaration 73580,trip_started_without_permit_final_approval
declaration 73582,trip_started_without_permit_final_approval
declaration 73584,trip_started_without_permit_final_approval
declaration 73586,trip_started_without_permit_final_approval
declaration 73588,trip_started_without_permit_final_approval
declaration 73590,trip_started_without_permit_final_approval
declaration 73592,trip_started_without_permit_final_approval
declaration 73594,trip_started_without_permit_final_approval
declaration 73596,trip_started_without_permit_final_approval
declaration 73654,trip_started_without_permit_final_approval
declaration 73662,trip_started_without_permit_final_approval
declaration 74073,trip_started_without_permit_final_approval
declaration 74229,trip_started_without_permit_final_approval
declaration 74252,trip_started_without_permit_final_approval
declaration 74660,trip_started_without_permit_final_approval
declaration 74745,trip_started_without_permit_final_approval
declaration 74828,trip_started_without_permit_final_approval
declaration 74836,trip_started_without_permit_final_approval
declaration 74937,trip_started_without_permit_final_approval
declaration 7499,trip_started_without_permit_final_approval
declaration 75080,trip_started_without_permit_final_approval
declaration 75097,trip_started_without_permit_final_approval
declaration 75421,trip_started_without_permit_final_approval
declaration 7550,trip_started_without_permit_final_approval
declaration 75592,trip_started_without_permit_final_approval
declaration 7561,trip_started_without_permit_final_approval
declaration 75613,trip_started_without_permit_final_approval
declaration 75865,trip_started_without_permit_final_approval
declaration 76047,trip_started_without_permit_final_approval
declaration 76060,trip_started_without_permit_final_approval
declaration 76109,trip_started_without_permit_final_approval
declaration 76240,trip_started_without_permit_final_approval
declaration 76457,trip_started_without_permit_final_approval
declaration 76486,trip_started_without_permit_final_approval
declaration 76487,trip_started_without_permit_final_approval
declaration 76534,trip_started_without_permit_final_approval
declaration 76596,trip_started_without_permit_final_approval
declaration 76667,trip_started_without_permit_final_approval
declaration 76788,trip_started_without_permit_final_approval
declaration 76818,trip_started_without_permit_final_approval
declaration 7685,trip_started_without_permit_final_approval
declaration 7687,trip_started_without_permit_final_approval
declaration 77026,trip_started_without_permit_final_approval
declaration 77060,trip_started_without_permit_final_approval
declaration 77178,trip_started_without_permit_final_approval
declaration 77196,trip_started_without_permit_final_approval
declaration 77272,trip_started_without_permit_final_approval
declaration 7741,trip_started_without_permit_final_approval
declaration 77816,trip_started_without_permit_final_approval
declaration 7786,trip_started_without_permit_final_approval
declaration 78207,trip_started_without_permit_final_approval
declaration 78446,trip_started_without_permit_final_approval
declaration 78454,trip_started_without_permit_final_approval
declaration 78481,trip_started_without_permit_final_approval
declaration 78671,trip_started_without_permit_final_approval
declaration 78732,trip_started_without_permit_final_approval
declaration 78808,trip_started_without_permit_final_approval
declaration 78829,trip_started_without_permit_final_approval
declaration 78917,trip_started_without_permit_final_approval
declaration 79044,trip_started_without_permit_final_approval
declaration 79136,trip_started_without_permit_final_approval
declaration 79234,trip_started_without_permit_final_approval
declaration 79281,trip_started_without_permit_final_approval
declaration 79384,trip_started_without_permit_final_approval
declaration 79538,trip_started_without_permit_final_approval
declaration 79565,trip_started_without_permit_final_approval
declaration 79606,trip_started_without_permit_final_approval
declaration 79659,trip_started_without_permit_final_approval
declaration 79948,trip_started_without_permit_final_approval
declaration 80218,trip_started_without_permit_final_approval
declaration 80236,trip_started_without_permit_final_approval
declaration 80316,trip_started_without_permit_final_approval
declaration 80324,trip_started_without_permit_final_approval
declaration 8040,trip_started_without_permit_final_approval
declaration 80441,trip_started_without_permit_final_approval
declaration 80496,trip_started_without_permit_final_approval
declaration 80773,trip_started_without_permit_final_approval
declaration 80784,trip_started_without_permit_final_approval
declaration 80845,trip_started_without_permit_final_approval
declaration 80859,trip_started_without_permit_final_approval
declaration 80898,trip_started_without_permit_final_approval
declaration 8100,trip_started_without_permit_final_approval
declaration 81046,trip_started_without_permit_final_approval
declaration 81112,trip_started_without_permit_final_approval
declaration 81182,trip_started_without_permit_final_approval
declaration 81215,trip_started_without_permit_final_approval
declaration 81296,trip_started_without_permit_final_approval
declaration 81596,trip_started_without_permit_final_approval
declaration 81704,trip_started_without_permit_final_approval
declaration 8181,trip_started_without_permit_final_approval
declaration 81837,trip_started_without_permit_final_approval
declaration 81838,trip_started_without_permit_final_approval
declaration 81875,trip_started_without_permit_final_approval
declaration 81877,trip_started_without_permit_final_approval
declaration 81898,trip_started_without_permit_final_approval
declaration 8197,trip_started_without_permit_final_approval
declaration 81974,trip_started_without_permit_final_approval
declaration 82135,trip_started_without_permit_final_approval
declaration 82137,trip_started_without_permit_final_approval
declaration 82138,trip_started_without_permit_final_approval
declaration 82149,trip_started_without_permit_final_approval
declaration 8222,trip_started_without_permit_final_approval
declaration 82285,trip_started_without_permit_final_approval
declaration 82300,trip_started_without_permit_final_approval
declaration 8232,trip_started_without_permit_final_approval
declaration 82339,trip_started_without_permit_final_approval
declaration 82404,trip_started_without_permit_final_approval
declaration 8242,trip_started_without_permit_final_approval
declaration 8252,trip_started_without_permit_final_approval
declaration 82598,trip_started_without_permit_final_approval
declaration 82600,trip_started_without_permit_final_approval
declaration 82632,trip_started_without_permit_final_approval
declaration 82696,trip_started_without_permit_final_approval
declaration 82785,trip_started_without_permit_final_approval
declaration 82814,trip_started_without_permit_final_approval
declaration 82846,trip_started_without_permit_final_approval
declaration 82877,trip_started_without_permit_final_approval
declaration 82942,trip_started_without_permit_final_approval
declaration 82992,trip_started_without_permit_final_approval
declaration 83023,trip_started_without_permit_final_approval
declaration 83073,trip_started_without_permit_final_approval
declaration 83075,trip_started_without_permit_final_approval
declaration 83139,trip_started_without_permit_final_approval
declaration 83157,trip_started_without_permit_final_approval
declaration 83224,trip_started_without_permit_final_approval
declaration 83248,trip_started_without_permit_final_approval
declaration 83299,trip_started_without_permit_final_approval
declaration 83301,trip_started_without_permit_final_approval
declaration 83327,trip_started_without_permit_final_approval
declaration 8339,trip_started_without_permit_final_approval
declaration 83515,trip_started_without_permit_final_approval
declaration 83574,trip_started_without_permit_final_approval
declaration 83747,trip_started_without_permit_final_approval
declaration 83880,trip_started_without_permit_final_approval
declaration 83890,trip_started_without_permit_final_approval
declaration 83898,trip_started_without_permit_final_approval
declaration 84038,trip_started_without_permit_final_approval
declaration 8408,trip_started_without_permit_final_approval
declaration 84085,trip_started_without_permit_final_approval
declaration 84109,trip_started_without_permit_final_approval
declaration 84122,trip_started_without_permit_final_approval
declaration 84157,trip_started_without_permit_final_approval
declaration 8418,trip_started_without_permit_final_approval
declaration 8428,trip_started_without_permit_final_approval
declaration 84414,trip_started_without_permit_final_approval
declaration 84569,trip_started_without_permit_final_approval
declaration 84629,trip_started_without_permit_final_approval
declaration 84790,trip_started_without_permit_final_approval
declaration 84814,trip_started_without_permit_final_approval
declaration 84832,trip_started_without_permit_final_approval
declaration 84857,trip_started_without_permit_final_approval
declaration 84867,trip_started_without_permit_final_approval
declaration 84929,trip_started_without_permit_final_approval
declaration 84931,trip_started_without_permit_final_approval
declaration 84990,trip_started_without_permit_final_approval
declaration 85098,trip_started_without_permit_final_approval
declaration 85108,trip_started_without_permit_final_approval
declaration 8538,trip_started_without_permit_final_approval
declaration 85468,trip_started_without_permit_final_approval
declaration 8550,trip_started_without_permit_final_approval
declaration 85617,trip_started_without_permit_final_approval
declaration 85661,trip_started_without_permit_final_approval
declaration 85677,trip_started_without_permit_final_approval
declaration 85687,trip_started_without_permit_final_approval
declaration 85737,trip_started_without_permit_final_approval
declaration 85774,trip_started_without_permit_final_approval
declaration 85805,trip_started_without_permit_final_approval
declaration 85886,trip_started_without_permit_final_approval
declaration 86067,trip_started_without_permit_final_approval
declaration 86102,trip_started_without_permit_final_approval
declaration 86113,trip_started_without_permit_final_approval
declaration 86150,trip_started_without_permit_final_approval
declaration 86160,trip_started_without_permit_final_approval
declaration 86162,trip_started_without_permit_final_approval
declaration 86257,trip_started_without_permit_final_approval
declaration 86282,trip_started_without_permit_final_approval
declaration 86429,trip_started_without_permit_final_approval
declaration 8670,trip_started_without_permit_final_approval
declaration 8721,trip_started_without_permit_final_approval
declaration 8731,trip_started_without_permit_final_approval
declaration 8772,trip_started_without_permit_final_approval
declaration 8869,trip_started_without_permit_final_approval
declaration 8901,trip_started_without_permit_final_approval
declaration 8918,trip_started_without_permit_final_approval
declaration 8944,trip_started_without_permit_final_approval
declaration 8956,trip_started_without_permit_final_approval
declaration 9061,trip_started_without_permit_final_approval
declaration 9090,trip_started_without_permit_final_approval
declaration 9206,trip_started_without_permit_final_approval
declaration 9208,trip_started_without_permit_final_approval
declaration 9400,trip_started_without_permit_final_approval
declaration 9410,trip_started_without_permit_final_approval
declaration 9482,trip_started_without_permit_final_approval
declaration 9529,trip_started_without_permit_final_approval
declaration 9645,trip_started_without_permit_final_approval
declaration 9677,trip_started_without_permit_final_approval
declaration 9838,trip_started_without_permit_final_approval
declaration 9968,trip_started_without_permit_final_approval
